iter	candidate_id	agent	branch	commit	artifact	command	predicted	measured	control	delta_vs_champion	record	run_id	provenance	note
1	origin-p1	origin-runner	ooc-throughput	lib@66e15d4b91f105fd3ecd4db67a30c885a3a19879+bench@f85c37c6e8d386aa5890cb094b2a6e115afe402e	H1+whole-job-HEAD	cli_run_--block-rows_8192_--threads_16_--mode_direct_--sync-mode_deferred_--depth_2_--h2d_device_put_--k_32_--p_10_--q_2_--seed_0_--min-intensity_0_--steady-window-s_300	4243	4405.946807	-	-	N	35176504/sdfada015/a1746c8f	verified	SETUP; origin fresh process 1 of 3; span 300.046957; reconcile OK 4104x1GiB; compiles_in_window 0; gate PASS all four BINDING; --min-intensity 0 required (bench pre-flight floor 52 unreachable at L=42)
1	origin-p2	origin-runner	ooc-throughput	lib@66e15d4b91f105fd3ecd4db67a30c885a3a19879+bench@f85c37c6e8d386aa5890cb094b2a6e115afe402e	H1+whole-job-HEAD	cli_run_--block-rows_8192_--threads_16_--mode_direct_--sync-mode_deferred_--depth_2_--h2d_device_put_--k_32_--p_10_--q_2_--seed_0_--min-intensity_0_--steady-window-s_300	4243	4039.636815	-	-	N	35176504/sdfada015/a1746c8f	verified	SETUP; origin fresh process 2 of 3; span 300.063397; reconcile OK 3763x1GiB; compiles_in_window 0; gate PASS
1	origin-p3	origin-runner	ooc-throughput	lib@66e15d4b91f105fd3ecd4db67a30c885a3a19879+bench@f85c37c6e8d386aa5890cb094b2a6e115afe402e	H1+whole-job-HEAD	cli_run_--block-rows_8192_--threads_16_--mode_direct_--sync-mode_deferred_--depth_2_--h2d_device_put_--k_32_--p_10_--q_2_--seed_0_--min-intensity_0_--steady-window-s_300	4243	4069.478213	-	-	Y	35176504/sdfada015/a1746c8f	verified	SETUP; origin fresh process 3 of 3 and the MEDIAN of the three; CHAMPION = origin at STEADY5_GB 4069.478 (median); noise floor 9.00 pct = (4405.947-4039.637)/4069.478; span 300.079399; reconcile OK 3791x1GiB; compiles_in_window 0; gate PASS
1	proof-watchdog-skip	origin-runner	ooc-throughput	lib@66e15d4b91f105fd3ecd4db67a30c885a3a19879+bench@f85c37c6e8d386aa5890cb094b2a6e115afe402e	H1	SRSVD_WARMUP_SKIP=bbt,concat,tail,finishgemm,committed_+_--steady-window-s_60	-	4332.810500	-	-	N	35176504/sdfada015/a1746c8f	verified	diagnostic-ineligible; FAILED-proof-did-not-fire: the 4 deferred compiles (jit(step) 0.313s, jit(concatenate) 0.988s, jit(transpose), jit(matmul); 1.883s total) landed at the pass boundary block 1440, AFTER the 60s window closed at block 841, so compiles_in_window stayed 0 and exit stayed 0. Must be re-run at a window >= 150 s. compiles_in_wall of the job was 4.
1	proof-watchdog-clean	origin-runner	ooc-throughput	lib@66e15d4b91f105fd3ecd4db67a30c885a3a19879+bench@f85c37c6e8d386aa5890cb094b2a6e115afe402e	H1	--steady-window-s_60_no_env_var	-	4418.952352	-	-	N	35176504/sdfada015/a1746c8f	verified	diagnostic-ineligible; ACCEPT half of the pair: compiles_in_window 0 AND compiles_in_wall 0, exit 0, gate PASS
1	control-degraded-rank2	origin-runner	ooc-throughput	lib@66e15d4b91f105fd3ecd4db67a30c885a3a19879+bench@f85c37c6e8d386aa5890cb094b2a6e115afe402e	H1	--degraded-rank_2_--steady-window-s_60	-	FAILED	-	-	N	35176504/sdfada015/a1746c8f	verified	diagnostic-ineligible; FAILED-breakdown: next_sketch broke down at pass boundary 1/3 (Cholesky non-finite), exit 1, so NO gate values exist to print. The degraded control needs a rank that still factorises; superseded work queued for iteration 2
1	proof-restart	origin-runner	ooc-throughput	lib@66e15d4b91f105fd3ecd4db67a30c885a3a19879+bench@f85c37c6e8d386aa5890cb094b2a6e115afe402e	H1	--steady-force-restart-rows_1048576_--steady-window-s_60_--steady-max-jobs_60	-	3970.663469	-	-	N	35176504/sdfada015/a1746c8f	verified	diagnostic-ineligible reason=short-rows; IN-PROCESS RESTART PROVEN: jobs_completed 2 in-window (3 total), warmup_skipped True on jobs 2-3, compiles_in_window 0, no re-pin; job walls 30.83/30.99/30.88 s. ALSO the working GATE REJECTION: G1 7.0306e-01 FAIL BINDING, G2 7.0278e-01 FAIL BINDING, G3 5.6505e-03 pass BINDING, G4 5.78867 FAIL BINDING, exit 3
2	control-a	iter02-runner	ooc-throughput	lib@66e15d4b91f105fd3ecd4db67a30c885a3a19879+bench@f85c37c6e8d386aa5890cb094b2a6e115afe402e	flag-only	--block-rows_8192_--threads_16_--mode_direct_--sync-mode_deferred_--depth_2_--k_32_--p_10_--q_2_--seed_0_--min-intensity_0_--steady-window-s_300_--h2d_device_put	4069	4246.413631	4246.413631	0	N	35176504/sdfada015/a1746c8f	verified	same-iteration champion control, run BEFORE the candidates; span 300.016622; reconcile OK 3955x1GiB; compiles_in_window 0; gate PASS; util median 69 pct
2	c2a-readahead	iter02-runner	ooc-throughput	lib@66e15d4b91f105fd3ecd4db67a30c885a3a19879+bench@f85c37c6e8d386aa5890cb094b2a6e115afe402e	flag-only	--block-rows_8192_--threads_16_--mode_direct_--sync-mode_deferred_--depth_2_--k_32_--p_10_--q_2_--seed_0_--min-intensity_0_--steady-window-s_300_--h2d_device_put_--readahead	7400	5634.756780	4246.413631	+32.696pct	N	35176504/sdfada015/a1746c8f	verified	BEATS control by 32.7 pct (floor 9.0 pct) but BELOW my 6800-7700 band: read leaves the critical path (read bucket vanishes, read_wait 0.58 s) yet step_issue GROWS 198.9->237.9 s, so moving the pread to a producer thread slows the pageable transfer by 20 pct. Not champion: c2b beats it
2	c2b-register	iter02-runner	ooc-throughput	lib@66e15d4b91f105fd3ecd4db67a30c885a3a19879+bench@f85c37c6e8d386aa5890cb094b2a6e115afe402e	flag-only	--block-rows_8192_--threads_16_--mode_direct_--sync-mode_deferred_--depth_2_--k_32_--p_10_--q_2_--seed_0_--min-intensity_0_--steady-window-s_300_--h2d_register	7000-8010	6729.313430	4246.413631	+58.470pct	Y	35176504/sdfada015/a1746c8f	verified	NEW CHAMPION. 1.653x the origin median 4069.478. ASYNC branch of the two-branch prediction CONFIRMED: step_issue collapses 198.918->0.901 s, so the origin was paying a synchronous staging copy inside the jit dispatch. Wall 205.10 = read 130.68 + sync_wait 72.26; util median 100 pct; pool_pinned True, pin fee 2.430 s OUTSIDE the window (window opens +1.647 s after the loop anchor); span 300.135874; reconcile OK 6270x1GiB; compiles_in_window 0; gate PASS all four BINDING
2	c2c-register-readahead	iter02-runner	ooc-throughput	lib@66e15d4b91f105fd3ecd4db67a30c885a3a19879+bench@f85c37c6e8d386aa5890cb094b2a6e115afe402e	flag-only	--block-rows_8192_--threads_16_--mode_direct_--sync-mode_deferred_--depth_2_--k_32_--p_10_--q_2_--seed_0_--min-intensity_0_--steady-window-s_300_--h2d_register_--readahead	7900	6731.389521	4246.413631	+0.031pct_vs_c2b	N	35176504/sdfada015/a1746c8f	verified	NULL-below-floor against c2b (+0.031 pct vs 4.04 pct control drift). Readahead adds nothing once the pool is pinned because the depth-2 FIFO already supplies the overlap. Phase table is the finding: sync_wait 201.51 s of a 205.05 s wall = 98.3 pct, the host is idle and the pipeline is DEVICE-BOUND
2	control-b	iter02-runner	ooc-throughput	lib@66e15d4b91f105fd3ecd4db67a30c885a3a19879+bench@f85c37c6e8d386aa5890cb094b2a6e115afe402e	flag-only	--block-rows_8192_--threads_16_--mode_direct_--sync-mode_deferred_--depth_2_--k_32_--p_10_--q_2_--seed_0_--min-intensity_0_--steady-window-s_300_--h2d_device_put	4069	4417.784410	4246.413631	+4.036pct	N	35176504/sdfada015/a1746c8f	verified	same-iteration champion control repeated AFTER the candidates; the 4.036 pct gap to control-a IS this iteration measured within-iteration drift at the origin configuration
2	proof-reject-150	iter02-runner	ooc-throughput	lib@66e15d4b91f105fd3ecd4db67a30c885a3a19879+bench@f85c37c6e8d386aa5890cb094b2a6e115afe402e	flag-only	SRSVD_WARMUP_SKIP=concat_--h2d_device_put_--steady-window-s_150	-	4008.622700	-	-	N	35176504/sdfada015/a1746c8f	verified	diagnostic-ineligible; THE WATCHDOG REJECT PROOF, outstanding from iteration 1, NOW FIRES: compiles_in_window 1 naming trace/lower/compile jit(concatenate) at 0.968519 s of a 150.027289 s span, EXIT 4. The 150 s window spans seq [34,1900] and so crosses the pass boundary at block 1440 where the deferred compile lands. Its 13.362 GB/s is NOT a throughput result
2	control-degraded-30/20/8	iter02-runner	ooc-throughput	lib@66e15d4b91f105fd3ecd4db67a30c885a3a19879+bench@f85c37c6e8d386aa5890cb094b2a6e115afe402e	flag-only	--degraded-rank_{30,20,8}_--steady-window-s_60	-	BREAKDOWN	-	-	N	35176504/sdfada015/a1746c8f	verified	diagnostic-ineligible; FAILED-no-gate-values at EVERY rank tried (30, 20, 8, and rank 2 in iteration 1): next_sketch breaks down at pass boundary 1/3 with a non-finite (L,L) Cholesky BEFORE any factorisation exists, exit 1. --degraded-rank is structurally a breakdown control on this store at L=42 and cannot produce gate values at any rank; superseded by a --q 0 control queued for iteration 3
3	control-champ-a	iter03-runner	ooc-throughput	lib@66e15d4b91f105fd3ecd4db67a30c885a3a19879+bench@f85c37c6e8d386aa5890cb094b2a6e115afe402e	flag-only	--block-rows_8192_--threads_16_--mode_direct_--sync-mode_deferred_--depth_2_--h2d_register_--k_32_--p_10_--q_2_--seed_0_--min-intensity_0_--steady-window-s_300	6729	6727.283413	6727.283413	0	N	35176504/sdfada015/a1746c8f	verified	champion re-measured in-iteration BEFORE the candidates, from .venv-champ; span 300.130677; reconcile OK 6268x1GiB; compiles_in_window 0; gate PASS all four BINDING; util median 100 pct
3	control-newcode	iter03-runner	ooc-throughput	lib@38be495266b853f6be3f550bf0e5f5a7ed6072b3+bench@b051d96f262fbfd30dc4eca1dc857f59fb12b5ab	flag-only	--block-rows_8192_--threads_16_--mode_direct_--sync-mode_deferred_--depth_2_--h2d_register_--k_32_--p_10_--q_2_--seed_0_--min-intensity_0_--steady-window-s_300_--wire-dtype_float32	6729_+-4pct	6724.656128	6727.283413	-0.039pct	N	35176504/sdfada015/a1746c8f	verified	NOT A CANDIDATE - the R5 NEUTRALITY TEST. The bf16 SHAs at --wire-dtype float32 sit -0.039 pct from the champion, HALF the 0.0812 pct noise floor, so the 301 changed lines of stream.py are neutral at f32 and the bf16 delta is attributable to the dtype alone. wire_bytes_per_block=0, dma_pool=staging, wire pool inert
3	c3a-bf16	iter03-runner	ooc-throughput	lib@38be495266b853f6be3f550bf0e5f5a7ed6072b3+bench@b051d96f262fbfd30dc4eca1dc857f59fb12b5ab	code+flag	--block-rows_8192_--threads_16_--mode_direct_--sync-mode_deferred_--depth_2_--h2d_register_--k_32_--p_10_--q_2_--seed_0_--min-intensity_0_--steady-window-s_300_--wire-dtype_bfloat16	10100	9890.775672	6727.283413	+47.028pct	Y	35176504/sdfada015/a1746c8f	verified	NEW CHAMPION, numerics-affecting (wire dtype; numerics_affecting=yes). 2.430x the origin median 4069.478 and 90.0 pct of the 10992 GB read roof. PREDICTION INSIDE BAND (9600-10600). THE BOTTLENECK FLIPPED: read 136.476 s = 98.13 pct of a 139.077 s wall, sync_wait 71.808->0.138 s, util median 100->80 - device-bound became READ-bound. Conversion nearly free: read +4.24 pct = +1.283 ms/block. Wire pool 2684354560 B PINNED in 1.085 s before the window; dma_pool switches staging->wire; wire_bytes_per_block 536870912. Gate PASS G1 3.652369e-06 (27x) G2 1.389044e-05 (72x) G3 2.076572e-03 (4.8x, TIGHTEST) G4 2.263700e-04 (221x), all BINDING; span 300.048765; reconcile OK 9213x1GiB; compiles_in_window 0
3	c3b-bf16-t32	iter03-runner	ooc-throughput	lib@38be495266b853f6be3f550bf0e5f5a7ed6072b3+bench@b051d96f262fbfd30dc4eca1dc857f59fb12b5ab	code+flag	--block-rows_8192_--threads_16_--mode_direct_--sync-mode_deferred_--depth_2_--h2d_register_--k_32_--p_10_--q_2_--seed_0_--min-intensity_0_--steady-window-s_300_--wire-dtype_bfloat16_--threads_32	NULL_expected	7834.522665	6727.283413	-20.79pct_vs_c3a	N	35176504/sdfada015/a1746c8f	verified	HARMFUL, not the NULL I predicted: -20.79 pct against c3a. Mechanism measured: read grows 136.476->173.521 s (+27 pct) while every other bucket is unchanged, so 32 threads slows the O_DIRECT read itself. whole-job also found --threads 32 harmful; now confirmed under a DIFFERENT regime (read-bound, conversion in the reader threads), so the finding is robust. Gate PASS, numerics unchanged to ~1 pct
3	control-champ-b	iter03-runner	ooc-throughput	lib@66e15d4b91f105fd3ecd4db67a30c885a3a19879+bench@f85c37c6e8d386aa5890cb094b2a6e115afe402e	flag-only	--block-rows_8192_--threads_16_--mode_direct_--sync-mode_deferred_--depth_2_--h2d_register_--k_32_--p_10_--q_2_--seed_0_--min-intensity_0_--steady-window-s_300	6729	6721.820411	6727.283413	-0.081pct	N	35176504/sdfada015/a1746c8f	verified	champion control repeated AFTER the candidates. With control-champ-a this gives the NOISE FLOOR OF THE PINNED CONFIGURATION = 0.0812 pct (n=2), against 4.036 pct unpinned in iteration 2 - a ~50x reduction, because the origin 9 pct floor lived entirely in the pageable path
3	control-q0	iter03-runner	ooc-throughput	lib@66e15d4b91f105fd3ecd4db67a30c885a3a19879+bench@f85c37c6e8d386aa5890cb094b2a6e115afe402e	flag-only	--block-rows_8192_--threads_16_--mode_direct_--sync-mode_deferred_--depth_2_--h2d_register_--k_32_--p_10_--q_2_--seed_0_--min-intensity_0_--steady-window-s_300_--q_0_--steady-window-s_60	-	GATE_FAILED	-	-	N	35176504/sdfada015/a1746c8f	verified	diagnostic-ineligible (fewer passes is never record-eligible); THE DEGRADED GATE CONTROL, outstanding since iteration 1, NOW OBTAINED. The SAME gate REJECTS a valid-but-worse factorisation with every value printed: G1 1.927512e-02 FAIL, G2 6.159399e-01 FAIL, G3 1.144574e-01 FAIL, G4 4.482072e-01 FAIL and BINDING, rejected_by [G4_residual_excess], EXIT 3 - reproducing whole-job own 4.4821e-01. No breakdown at any pass boundary, unlike --degraded-rank at ranks 30/20/8/2
4	control-c4a	iter04-runner	ooc-throughput	lib@38be495266b853f6be3f550bf0e5f5a7ed6072b3+bench@b051d96f262fbfd30dc4eca1dc857f59fb12b5ab	flag-only	--block-rows_8192_--threads_16_--mode_direct_--sync-mode_deferred_--depth_2_--h2d_register_--wire-dtype_bfloat16_--read-chunk-bytes_8388608_--k_32_--p_10_--q_2_--seed_0_--min-intensity_0_--steady-window-s_300	9891	9738.620675	9738.620675	0	N	35176504/sdfada015/a1746c8f	verified	champion re-measured BEFORE the sweep; read 33.773 GB/s; -1.54 pct vs iteration 3 c3a, i.e. CROSS-ITERATION drift already exceeds the 0.0812 pct within-iteration floor
4	c4a-chunk16M	iter04-runner	ooc-throughput	lib@38be495266b853f6be3f550bf0e5f5a7ed6072b3+bench@b051d96f262fbfd30dc4eca1dc857f59fb12b5ab	flag-only	--block-rows_8192_--threads_16_--mode_direct_--sync-mode_deferred_--depth_2_--h2d_register_--wire-dtype_bfloat16_--read-chunk-bytes_8388608_--k_32_--p_10_--q_2_--seed_0_--min-intensity_0_--steady-window-s_300_--read-chunk-bytes_16777216	10050	9229.899641	9738.620675	-5.22pct	N	35176504/sdfada015/a1746c8f	verified	REGRESSION vs its pre-drift neighbour; read 32.187 GB/s. Prediction 9900-10250 REFUTED in direction
4	c4b-chunk32M	iter04-runner	ooc-throughput	lib@38be495266b853f6be3f550bf0e5f5a7ed6072b3+bench@b051d96f262fbfd30dc4eca1dc857f59fb12b5ab	flag-only	--block-rows_8192_--threads_16_--mode_direct_--sync-mode_deferred_--depth_2_--h2d_register_--wire-dtype_bfloat16_--read-chunk-bytes_8388608_--k_32_--p_10_--q_2_--seed_0_--min-intensity_0_--steady-window-s_300_--read-chunk-bytes_33554432	10100	6615.847241	7158.282010	-7.58pct_vs_control-c4b	N	35176504/sdfada015/a1746c8f	verified	the ONLY sweep item with an effect outside the drift band: -7.58 pct against the contemporaneous post-drift control; read 22.567 GB/s. Prediction 9900-10400 REFUTED in direction
4	c4c-threads24	iter04-runner	ooc-throughput	lib@38be495266b853f6be3f550bf0e5f5a7ed6072b3+bench@b051d96f262fbfd30dc4eca1dc857f59fb12b5ab	flag-only	--block-rows_8192_--threads_16_--mode_direct_--sync-mode_deferred_--depth_2_--h2d_register_--wire-dtype_bfloat16_--read-chunk-bytes_8388608_--k_32_--p_10_--q_2_--seed_0_--min-intensity_0_--steady-window-s_300_--threads_24	9800	7263.669298	7158.282010	+1.47pct_vs_control-c4b	N	35176504/sdfada015/a1746c8f	verified	NULL-below-floor against the contemporaneous control. Looks like -25.41 pct only against the PRE-DRIFT control-c4a, which is the contamination this iteration exposed
4	c4d-threads12	iter04-runner	ooc-throughput	lib@38be495266b853f6be3f550bf0e5f5a7ed6072b3+bench@b051d96f262fbfd30dc4eca1dc857f59fb12b5ab	flag-only	--block-rows_8192_--threads_16_--mode_direct_--sync-mode_deferred_--depth_2_--h2d_register_--wire-dtype_bfloat16_--read-chunk-bytes_8388608_--k_32_--p_10_--q_2_--seed_0_--min-intensity_0_--steady-window-s_300_--threads_12	9750	7145.683655	7158.282010	-0.18pct_vs_control-c4b	N	35176504/sdfada015/a1746c8f	verified	NULL-below-floor against the contemporaneous control
4	c4e-blockrows16384	iter04-runner	ooc-throughput	lib@38be495266b853f6be3f550bf0e5f5a7ed6072b3+bench@b051d96f262fbfd30dc4eca1dc857f59fb12b5ab	flag-only	--block-rows_8192_--threads_16_--mode_direct_--sync-mode_deferred_--depth_2_--h2d_register_--wire-dtype_bfloat16_--read-chunk-bytes_8388608_--k_32_--p_10_--q_2_--seed_0_--min-intensity_0_--steady-window-s_300_--block-rows_16384	10150	7306.033341	7158.282010	+2.06pct_vs_control-c4b	N	35176504/sdfada015/a1746c8f	verified	NULL-below-floor on throughput, but NUMERICS-AFFECTING and that is the finding: G1 6.2066e-05 = 17x the 8192 value and 62 pct of its 1e-4 threshold, the tightest gate margin of the campaign; G2 8.9177e-05 (8x); G4 1.7026e-03 (7.5x, and 3.4x its own lower floor vs 0.46x at 8192). 2 GiB blocks change the accumulation order, so --block-rows is NOT numerics-neutral. No OOM: pools doubled cleanly, wire pool 5368709120 B pinned in 2.096 s. Per-block overheads halve as predicted (dispatch 2.208->1.065 s) but read share RISES to 99.24 pct
4	control-c4b	iter04-runner	ooc-throughput	lib@38be495266b853f6be3f550bf0e5f5a7ed6072b3+bench@b051d96f262fbfd30dc4eca1dc857f59fb12b5ab	flag-only	--block-rows_8192_--threads_16_--mode_direct_--sync-mode_deferred_--depth_2_--h2d_register_--wire-dtype_bfloat16_--read-chunk-bytes_8388608_--k_32_--p_10_--q_2_--seed_0_--min-intensity_0_--steady-window-s_300	9738	7158.282010	9738.620675	-26.50pct	N	35176504/sdfada015/a1746c8f	verified	THE FINDING OF THE ITERATION. Byte-identical to control-c4a and measured 47 min later: -26.4959 pct, read 33.773->24.402 GB/s. (max-min)/median over the two controls = 30.54 pct against iteration 3 pinned floor of 0.0812 pct. The degradation is a STEP not a slope (rows 1-2 fast, rows 3-7 all in a 22.6-24.7 GB/s band) and is host/media-side: clocks pegged 2520 MHz, throttle mask 0x0 and read_wait_s exactly 0 on every row, so it is not a consumer stall or DVFS. NO NEW CHAMPION THIS ITERATION; c3a-bf16 stands
5	champ-r1	iter05-diagnostic-runner	ooc-throughput	lib@38be495266b853f6be3f550bf0e5f5a7ed6072b3+bench@b051d96f262fbfd30dc4eca1dc857f59fb12b5ab	flag-only	--block-rows_8192_--threads_16_--mode_direct_--sync-mode_deferred_--depth_2_--h2d_register_--wire-dtype_bfloat16_--read-chunk-bytes_8388608_--k_32_--p_10_--q_2_--seed_0_--min-intensity_0_--steady-window-s_300	6900-9900	7129.980141	7138.199539	-	N	35176504/sdfada015/a1746c8f	verified	DIAGNOSIS iteration, no candidate. Champion run 1 of 5 back-to-back. Median 7138.199539; (max-min)/median = 0.6319 pct = THE NEW NOISE FLOOR at n=5, replacing the n=2 figure 0.0812 pct. Stable, not drifting, not bimodal (sorted gaps 5.05/8.22/8.26/23.57 GB inside a 45.1 GB band; extremes are adjacent in time). Implied read 24.3 GB/s, unrecovered from iteration 4
5	champ-r2	iter05-diagnostic-runner	ooc-throughput	lib@38be495266b853f6be3f550bf0e5f5a7ed6072b3+bench@b051d96f262fbfd30dc4eca1dc857f59fb12b5ab	flag-only	--block-rows_8192_--threads_16_--mode_direct_--sync-mode_deferred_--depth_2_--h2d_register_--wire-dtype_bfloat16_--read-chunk-bytes_8388608_--k_32_--p_10_--q_2_--seed_0_--min-intensity_0_--steady-window-s_300	6900-9900	7146.458174	7138.199539	-	N	35176504/sdfada015/a1746c8f	verified	DIAGNOSIS iteration, no candidate. Champion run 2 of 5 back-to-back. Median 7138.199539; (max-min)/median = 0.6319 pct = THE NEW NOISE FLOOR at n=5, replacing the n=2 figure 0.0812 pct. Stable, not drifting, not bimodal (sorted gaps 5.05/8.22/8.26/23.57 GB inside a 45.1 GB band; extremes are adjacent in time). Implied read 24.3 GB/s, unrecovered from iteration 4
5	champ-r3	iter05-diagnostic-runner	ooc-throughput	lib@38be495266b853f6be3f550bf0e5f5a7ed6072b3+bench@b051d96f262fbfd30dc4eca1dc857f59fb12b5ab	flag-only	--block-rows_8192_--threads_16_--mode_direct_--sync-mode_deferred_--depth_2_--h2d_register_--wire-dtype_bfloat16_--read-chunk-bytes_8388608_--k_32_--p_10_--q_2_--seed_0_--min-intensity_0_--steady-window-s_300	6900-9900	7138.199539	7138.199539	-	N	35176504/sdfada015/a1746c8f	verified	DIAGNOSIS iteration, no candidate. Champion run 3 of 5 back-to-back. Median 7138.199539; (max-min)/median = 0.6319 pct = THE NEW NOISE FLOOR at n=5, replacing the n=2 figure 0.0812 pct. Stable, not drifting, not bimodal (sorted gaps 5.05/8.22/8.26/23.57 GB inside a 45.1 GB band; extremes are adjacent in time). Implied read 24.3 GB/s, unrecovered from iteration 4
5	champ-r4	iter05-diagnostic-runner	ooc-throughput	lib@38be495266b853f6be3f550bf0e5f5a7ed6072b3+bench@b051d96f262fbfd30dc4eca1dc857f59fb12b5ab	flag-only	--block-rows_8192_--threads_16_--mode_direct_--sync-mode_deferred_--depth_2_--h2d_register_--wire-dtype_bfloat16_--read-chunk-bytes_8388608_--k_32_--p_10_--q_2_--seed_0_--min-intensity_0_--steady-window-s_300	6900-9900	7124.925978	7138.199539	-	N	35176504/sdfada015/a1746c8f	verified	DIAGNOSIS iteration, no candidate. Champion run 4 of 5 back-to-back. Median 7138.199539; (max-min)/median = 0.6319 pct = THE NEW NOISE FLOOR at n=5, replacing the n=2 figure 0.0812 pct. Stable, not drifting, not bimodal (sorted gaps 5.05/8.22/8.26/23.57 GB inside a 45.1 GB band; extremes are adjacent in time). Implied read 24.3 GB/s, unrecovered from iteration 4
5	champ-r5	iter05-diagnostic-runner	ooc-throughput	lib@38be495266b853f6be3f550bf0e5f5a7ed6072b3+bench@b051d96f262fbfd30dc4eca1dc857f59fb12b5ab	flag-only	--block-rows_8192_--threads_16_--mode_direct_--sync-mode_deferred_--depth_2_--h2d_register_--wire-dtype_bfloat16_--read-chunk-bytes_8388608_--k_32_--p_10_--q_2_--seed_0_--min-intensity_0_--steady-window-s_300	6900-9900	7170.030206	7138.199539	-	N	35176504/sdfada015/a1746c8f	verified	DIAGNOSIS iteration, no candidate. Champion run 5 of 5 back-to-back. Median 7138.199539; (max-min)/median = 0.6319 pct = THE NEW NOISE FLOOR at n=5, replacing the n=2 figure 0.0812 pct. Stable, not drifting, not bimodal (sorted gaps 5.05/8.22/8.26/23.57 GB inside a 45.1 GB band; extremes are adjacent in time). Implied read 24.3 GB/s, unrecovered from iteration 4
5	probe-standalone-reader	iter05-diagnostic-runner	ooc-throughput	lib@38be495266b853f6be3f550bf0e5f5a7ed6072b3+bench@b051d96f262fbfd30dc4eca1dc857f59fb12b5ab	diagnostic	iter01_probe_read.py_UNCHANGED_md5_c054b1947628b23733e14c64e8aa449a_8192_16_skip512_224GiB	-	36.88_GBps_read	-	-	N	35176504/sdfada015/a1746c8f	verified	diagnostic-ineligible; THE DISCRIMINATING MEASUREMENT. Four runs 36.8842/36.8144/36.7831/36.8184 GB/s, spread 0.275 pct, against iteration 1 36.6416 - the MEDIA IS FINE and marginally faster. Same store, same hour, while the champion reads 24.3. H2 (host-side pool) is the only hypothesis left
5	probe-raw-dd	iter05-diagnostic-runner	ooc-throughput	lib@38be495266b853f6be3f550bf0e5f5a7ed6072b3+bench@b051d96f262fbfd30dc4eca1dc857f59fb12b5ab	diagnostic	dd_iflag=direct_16_streams_8GiB_each_bs8M	-	37.4671_GBps	-	-	N	35176504/sdfada015/a1746c8f	verified	diagnostic-ineligible; raw media 37.4671 GB/s vs iteration 1 33.4369 = +12.05 pct. Refutes any media-degradation story
5	probe-idle-recovery	iter05-diagnostic-runner	ooc-throughput	lib@38be495266b853f6be3f550bf0e5f5a7ed6072b3+bench@b051d96f262fbfd30dc4eca1dc857f59fb12b5ab	diagnostic	12_min_proven_idle_then_iter01_probe	-	36.8184_GBps	-	-	N	35176504/sdfada015/a1746c8f	verified	diagnostic-ineligible; H1 (NVMe thermal/device state) REFUTED. Idleness PROVEN - md0 rd_sectors 391388549441 unchanged across 24 consecutive 30 s samples, delta 0 every time - and the probe afterwards is identical to the three no-idle runs. Nothing to recover. CAVEAT: nvme smart-log is Permission denied on all eight devices (root:disk) and there is no NVMe hwmon node, so H1 is refuted by consequence, not by the drives own counters
5	probe-iostat	iter05-diagnostic-runner	ooc-throughput	lib@38be495266b853f6be3f550bf0e5f5a7ed6072b3+bench@b051d96f262fbfd30dc4eca1dc857f59fb12b5ab	diagnostic	iostat_-x_2_+_procdiskstats_deltas_on_md0_and_members	-	all_6_members_6.16_GBps	-	-	N	35176504/sdfada015/a1746c8f	verified	diagnostic-ineligible; H3 present as a FACT but refuted as the CAUSE. Node not exclusive in practice - 11 root wekanode processes, 7 pegged at 100-101 pct CPU hard-pinned to single cpus, loadavg 12.24/14.41/18.47 with our job idle - but zero writes on md0 and every member, all six within 0.04 pct of each other (6165008-6167472 kB/s), and the weka load is CONSTANT across both the fast probe and the slow champion so it cannot explain a difference between them
6	probe-cliff-sweep	iter06-runner	ooc-throughput	lib@38be495266b853f6be3f550bf0e5f5a7ed6072b3+bench@b051d96f262fbfd30dc4eca1dc857f59fb12b5ab	diagnostic	probe_read_pool.py_nbuf_1..16_randomised_order_4,16,1,8,2	-	NO_CLIFF	-	-	N	35176504/sdfada015/a1746c8f	verified	diagnostic-ineligible; HUGE-PAGE HYPOTHESIS REFUTED. rotate=0 (iteration-1 identical) is FLAT across a 16x pool-size change: 36.8836/36.9260/36.8181/36.8715/36.8559 GB/s at 1/2/4/8/16 GiB, spread 0.42 pct. The apparent slope under rotate=1 (36.75/35.91/34.52/31.99/28.01) is FIRST-TOUCH of shmem pages inside the timed loop and vanishes with pretouch (37.62/37.52/37.35/37.24/37.09). Priced directly: 1.77-1.97 GB/s to fault in 4 KiB shmem pages single-threaded
6	probe-smaps-thp	iter06-runner	ooc-throughput	lib@38be495266b853f6be3f550bf0e5f5a7ed6072b3+bench@b051d96f262fbfd30dc4eca1dc857f59fb12b5ab	diagnostic	/proc/self/smaps_address-containment_match	-	AnonHugePages_0_pct_at_every_size	-	-	N	35176504/sdfada015/a1746c8f	verified	diagnostic-ineligible; AnonHugePages/Size = 0.00 pct at 1,2,4,8,16 GiB with KernelPageSize 4 kB, Rss ~ Size. IMPORTANT QUALIFICATION FROM THE IMPLEMENTER: mmap.mmap(-1,n) makes a MAP_SHARED shmem mapping (rw-s, VmFlags sh, /dev/zero deleted), so AnonHugePages is 0 BY CONSTRUCTION for these pools whatever the backing - shmem THP is counted in ShmemPmdMapped and gated by shmem_enabled, not by the enabled=[always] this node reports, and MADV_HUGEPAGE returns EINVAL on the VMA. The refutation stands on the cliff sweep and item 4, NOT on this field
6	champ-smaps	iter06-runner	ooc-throughput	lib@38be495266b853f6be3f550bf0e5f5a7ed6072b3+bench@b051d96f262fbfd30dc4eca1dc857f59fb12b5ab	flag-only	champion_+_live_/proc/pid/smaps_watcher_12_samples_at_30s	7138	7169.728746	7138.199539	+0.44pct	N	35176504/sdfada015/a1746c8f	verified	champion re-measured with a live smaps watcher (pid 1902217); 23.899 GB/s, top of iteration 5 five-run band so the watcher cost nothing. THE DECIDING OBSERVATION: staging pool Rss 3145740 kB of Size 5242920 kB, CONSTANT across all 11 post-allocation samples spanning 330 s - only 3 of 5 buffers are ever touched and NOTHING faults during the window, which rules out first-touch as the champion explanation. Wire pool Rss 100 pct. Locked 0 kB on the pinned pool is expected (cudaHostRegister pins via get_user_pages, not mlock) and is NOT evidence the pin failed
6	probe-variant-abc	iter06-runner	ooc-throughput	lib@38be495266b853f6be3f550bf0e5f5a7ed6072b3+bench@b051d96f262fbfd30dc4eca1dc857f59fb12b5ab	diagnostic	nbuf=8_variants_c,a,b,b,c,a_x_pretouch_0/1	-	ALL_THREE_IDENTICAL	-	-	N	35176504/sdfada015/a1746c8f	verified	diagnostic-ineligible; SIZE, PINNING AND CUDA CONTEXT ALL REFUTED. pretouch=0: 4a 31.879/32.614, 4b 32.040/31.856, 4c 31.804/31.852. pretouch=1: 4a 37.286/37.303, 4b 37.162/37.227, 4c 37.386/37.277 - spread 0.60 pct across all six, INSIDE the 0.6319 pct floor. Pinning verified real (pin_ok=True, pin_s 1.31-1.37 matching the champion 1.047) and context state verified by cuCtxGetCurrent and open nvidia fds: 4a rc=3 NOT_INITIALIZED with no nvidia fds, 4b/4c rc=0. THE GAP SURVIVES: worst probe variant 31.80 vs champion 24.35 GB/s
7	ctrl-a	iter07-runner	ooc-throughput	lib@38be495266b853f6be3f550bf0e5f5a7ed6072b3+bench@b051d96f262fbfd30dc4eca1dc857f59fb12b5ab	flag-only	--block-rows_8192_--threads_16_--mode_direct_--sync-mode_deferred_--depth_2_--h2d_register_--wire-dtype_bfloat16_--read-chunk-bytes_8388608_--k_32_--p_10_--q_2_--seed_0_--min-intensity_0_--steady-window-s_300	7150	7139.868377	7096.592202	+0.61pct	N	35176504/sdfada015/a1746c8f	verified	champion opening bracket; read 24.355 GB/s; INSIDE my predicted band 7050-7250
7	c7a-wire-f32	iter07-runner	ooc-throughput	lib@38be495266b853f6be3f550bf0e5f5a7ed6072b3+bench@b051d96f262fbfd30dc4eca1dc857f59fb12b5ab	flag-only	--block-rows_8192_--threads_16_--mode_direct_--sync-mode_deferred_--depth_2_--h2d_register_--wire-dtype_bfloat16_--read-chunk-bytes_8388608_--k_32_--p_10_--q_2_--seed_0_--min-intensity_0_--steady-window-s_300_--wire-dtype_float32	6300-6700	6732.574519	7096.592202	-5.13pct_steady5_+45.69pct_READ	N	35176504/sdfada015/a1746c8f	verified	DIAGNOSTIC not a candidate (f32 doubles wire bytes so its STEADY5 is lower by construction). THE ROW THAT SOLVED SIX ITERATIONS: read 35.410523 GB/s against the control mean 24.305784, +45.6876 pct, closing the probe-vs-pipeline gap from 12.5 to 1.4 GB/s. The unexplained host read regression was never the drive, the memory or the neighbours - it is the in-thread f32->bf16 cast, whose cost went from +4.24 pct in iteration 3 to +45.7 pct here. Row flips to GPU-bound: sync_wait 71.690 s 34.96 pct, util median 100
7	c7b-convert4	iter07-runner	ooc-throughput	lib@ce84d803a8c4efb9791eeee6da256886c0baf93f+bench@fb41d16bbf46675188ec9b1641401083d2f7056d	code+flag	--block-rows_8192_--threads_16_--mode_direct_--sync-mode_deferred_--depth_2_--h2d_register_--wire-dtype_bfloat16_--read-chunk-bytes_8388608_--k_32_--p_10_--q_2_--seed_0_--min-intensity_0_--steady-window-s_300_--convert-threads_4	8500	9909.201421	7096.592202	+39.633pct	Y	35176504/sdfada015/a1746c8f	verified	NEW CHAMPION, numerics-affecting (bf16 wire). 2.435x the origin median 4069.478. ABOVE my predicted band 7200-9500. Read 34.239527 GB/s = +40.8699 pct; 3 jobs completed in window; read still 98.29-98.38 pct of span and sync_wait 0.10 pct, so it remains read-bound but the read is nearly restored to the no-cast rate. Gate PASS G1 3.634074e-06 G2 1.112192e-05 G3 2.077870e-03 G4 2.257397e-04 all BINDING; span 300.043463; reconcile OK 9230x1GiB; compiles_in_window 0. CAVEAT n=1 - MUST be replicated
7	c7c-convert8	iter07-runner	ooc-throughput	lib@ce84d803a8c4efb9791eeee6da256886c0baf93f+bench@fb41d16bbf46675188ec9b1641401083d2f7056d	code+flag	--block-rows_8192_--threads_16_--mode_direct_--sync-mode_deferred_--depth_2_--h2d_register_--wire-dtype_bfloat16_--read-chunk-bytes_8388608_--k_32_--p_10_--q_2_--seed_0_--min-intensity_0_--steady-window-s_300_--convert-threads_8	8700	7178.470117	7096.592202	+1.154pct	N	35176504/sdfada015/a1746c8f	verified	NULL-below-floor and REFUTES my prediction that 4 and 8 would agree. Read 24.475480 GB/s = +0.6982 pct, indistinguishable from the controls and -28.5 pct against convert4. The response to --convert-threads is NON-MONOTONE and unexplained; its pool-backing fields are byte-identical to convert4 so the pools are the same in the fast row and the slow row
7	ctrl-b	iter07-runner	ooc-throughput	lib@38be495266b853f6be3f550bf0e5f5a7ed6072b3+bench@b051d96f262fbfd30dc4eca1dc857f59fb12b5ab	flag-only	--block-rows_8192_--threads_16_--mode_direct_--sync-mode_deferred_--depth_2_--h2d_register_--wire-dtype_bfloat16_--read-chunk-bytes_8388608_--k_32_--p_10_--q_2_--seed_0_--min-intensity_0_--steady-window-s_300	7150	7053.316027	7096.592202	-0.61pct	N	35176504/sdfada015/a1746c8f	verified	champion closing bracket; INSIDE the predicted band. BRACKET MOVED -1.2122 pct on steady5 and -0.4020 pct on read over 1888 s - 21.9x smaller than iteration 4 -26.4959 pct step, so this iteration is NOT drift-contaminated, though at 1.92x the 0.6319 pct floor the control level did move about a percent
7	ctrl-newcode	iter07-runner	ooc-throughput	lib@ce84d803a8c4efb9791eeee6da256886c0baf93f+bench@fb41d16bbf46675188ec9b1641401083d2f7056d	flag-only	--block-rows_8192_--threads_16_--mode_direct_--sync-mode_deferred_--depth_2_--h2d_register_--wire-dtype_bfloat16_--read-chunk-bytes_8388608_--k_32_--p_10_--q_2_--seed_0_--min-intensity_0_--steady-window-s_300_--convert-threads_0	7150	7168.601563	7096.592202	+1.015pct	N	35176504/sdfada015/a1746c8f	verified	NEUTRALITY CONTROL at the CANDIDATE SHAs with the feature OFF: +1.0147 pct on steady5 and +0.3462 pct on read against the control mean, inside the spread the two champion controls showed against each other. The two new commits are neutral, so c7b convert4 +39.633 pct is attributable to --convert-threads alone. Also brackets convert8 from the other side (0.1375 pct apart). FIRST ROW TO PRINT THE POOL-BACKING FIELDS: pool_map_kind=shared-anon(shmem), pool_thp_eligible=0, thp_shmem_enabled=[never] - the pools were NEVER THP-eligible, settling iteration 6 open question from the kernel own setting
8	ctrl-a	iter08-runner	ooc-throughput	lib@38be495266b853f6be3f550bf0e5f5a7ed6072b3+bench@b051d96f262fbfd30dc4eca1dc857f59fb12b5ab	flag-only	--block-rows_8192_--threads_16_--mode_direct_--sync-mode_deferred_--depth_2_--h2d_register_--wire-dtype_bfloat16_--read-chunk-bytes_8388608_--k_32_--p_10_--q_2_--seed_0_--min-intensity_0_--steady-window-s_300	7100	8985.820487	8085.086629	+11.14pct_vs_ctrl_mean	N	35176504/sdfada015/a1746c8f	verified	champion opening bracket, read 30.68 GB/s - THE ONLY FAST ROW of the iteration and the FIRST ROW AFTER ~7.5 h OF NODE IDLE. My prediction 7000-7200 badly wrong. This row is why the iteration is drift-contaminated
8	c8-convert4-r1	iter08-runner	ooc-throughput	lib@ce84d803a8c4efb9791eeee6da256886c0baf93f+bench@fb41d16bbf46675188ec9b1641401083d2f7056d	code+flag	--block-rows_8192_--threads_16_--mode_direct_--sync-mode_deferred_--depth_2_--h2d_register_--wire-dtype_bfloat16_--read-chunk-bytes_8388608_--k_32_--p_10_--q_2_--seed_0_--min-intensity_0_--steady-window-s_300_--convert-threads_4	9900	7115.621628	8085.086629	-11.99pct	N	35176504/sdfada015/a1746c8f	verified	REPLICATION 1 of 3 of the iteration-7 record. read 24.23 GB/s
8	c8-convert8-r2	iter08-runner	ooc-throughput	lib@ce84d803a8c4efb9791eeee6da256886c0baf93f+bench@fb41d16bbf46675188ec9b1641401083d2f7056d	code+flag	--block-rows_8192_--threads_16_--mode_direct_--sync-mode_deferred_--depth_2_--h2d_register_--wire-dtype_bfloat16_--read-chunk-bytes_8388608_--k_32_--p_10_--q_2_--seed_0_--min-intensity_0_--steady-window-s_300_--convert-threads_8	slow_24.3-24.6	7178.931710	8085.086629	-11.21pct	N	35176504/sdfada015/a1746c8f	verified	DISCRIMINATING ROW, came back SLOW as predicted: read 24.436 GB/s vs iteration 7 24.48 - a 0.0064 pct difference across two iterations, the most reproducible number in the campaign. But the test assumed convert4 would stay fast and it did not, so convert8 never moved and there was no non-monotonicity to explain
8	c8-convert4-r2	iter08-runner	ooc-throughput	lib@ce84d803a8c4efb9791eeee6da256886c0baf93f+bench@fb41d16bbf46675188ec9b1641401083d2f7056d	code+flag	--block-rows_8192_--threads_16_--mode_direct_--sync-mode_deferred_--depth_2_--h2d_register_--wire-dtype_bfloat16_--read-chunk-bytes_8388608_--k_32_--p_10_--q_2_--seed_0_--min-intensity_0_--steady-window-s_300_--convert-threads_4	9900	7129.566577	8085.086629	-11.82pct	N	35176504/sdfada015/a1746c8f	verified	REPLICATION 2 of 3. read 24.26 GB/s
8	c8-convert1	iter08-runner	ooc-throughput	lib@ce84d803a8c4efb9791eeee6da256886c0baf93f+bench@fb41d16bbf46675188ec9b1641401083d2f7056d	code+flag	--block-rows_8192_--threads_16_--mode_direct_--sync-mode_deferred_--depth_2_--h2d_register_--wire-dtype_bfloat16_--read-chunk-bytes_8388608_--k_32_--p_10_--q_2_--seed_0_--min-intensity_0_--steady-window-s_300_--convert-threads_1	8200	6547.880969	8085.086629	-19.01pct	N	35176504/sdfada015/a1746c8f	verified	response-curve point; read 22.31 GB/s, WORSE than inline - one converter thread cannot keep up with 16 readers. util median 51
8	c8-convert2	iter08-runner	ooc-throughput	lib@ce84d803a8c4efb9791eeee6da256886c0baf93f+bench@fb41d16bbf46675188ec9b1641401083d2f7056d	code+flag	--block-rows_8192_--threads_16_--mode_direct_--sync-mode_deferred_--depth_2_--h2d_register_--wire-dtype_bfloat16_--read-chunk-bytes_8388608_--k_32_--p_10_--q_2_--seed_0_--min-intensity_0_--steady-window-s_300_--convert-threads_2	9400	6926.976258	8085.086629	-14.32pct	N	35176504/sdfada015/a1746c8f	verified	response-curve point; read 23.53 GB/s, still worse than inline. util median 59.5
8	c8-convert6	iter08-runner	ooc-throughput	lib@ce84d803a8c4efb9791eeee6da256886c0baf93f+bench@fb41d16bbf46675188ec9b1641401083d2f7056d	code+flag	--block-rows_8192_--threads_16_--mode_direct_--sync-mode_deferred_--depth_2_--h2d_register_--wire-dtype_bfloat16_--read-chunk-bytes_8388608_--k_32_--p_10_--q_2_--seed_0_--min-intensity_0_--steady-window-s_300_--convert-threads_6	9700	7124.139674	8085.086629	-11.89pct	N	35176504/sdfada015/a1746c8f	verified	response-curve point; read 24.41 GB/s, on the 4/6/8 plateau
8	c8-convert4-r3	iter08-runner	ooc-throughput	lib@ce84d803a8c4efb9791eeee6da256886c0baf93f+bench@fb41d16bbf46675188ec9b1641401083d2f7056d	code+flag	--block-rows_8192_--threads_16_--mode_direct_--sync-mode_deferred_--depth_2_--h2d_register_--wire-dtype_bfloat16_--read-chunk-bytes_8388608_--k_32_--p_10_--q_2_--seed_0_--min-intensity_0_--steady-window-s_300_--convert-threads_4	9900	7116.654994	8085.086629	-11.98pct	N	35176504/sdfada015/a1746c8f	verified	REPLICATION 3 of 3. Median of the three 7116.654994, (max-min)/median 0.1959 pct = a THIRD of the noise floor. The setting is one of the most reproducible in the campaign; it just reproduces at 7116, not at 9909
8	ctrl-b	iter08-runner	ooc-throughput	lib@38be495266b853f6be3f550bf0e5f5a7ed6072b3+bench@b051d96f262fbfd30dc4eca1dc857f59fb12b5ab	flag-only	--block-rows_8192_--threads_16_--mode_direct_--sync-mode_deferred_--depth_2_--h2d_register_--wire-dtype_bfloat16_--read-chunk-bytes_8388608_--k_32_--p_10_--q_2_--seed_0_--min-intensity_0_--steady-window-s_300	7100	7184.352770	8085.086629	-11.14pct	N	35176504/sdfada015/a1746c8f	verified	champion closing bracket, read 24.49 GB/s, agreeing with iteration 7 both controls and with the whole 4/6/8 plateau. BRACKET ctrl-a -> ctrl-b = -20.0479 pct over 95 min, 32x the floor: ITERATION IS DRIFT-CONTAMINATED and no candidate-vs-control effect size from it is trustworthy (the candidate-vs-candidate curve is, since all eight non-ctrl-a rows sat in one regime)
8	CORRECTION-c7b-convert4	orchestrator	ooc-throughput	lib@ce84d803a8c4efb9791eeee6da256886c0baf93f+bench@fb41d16bbf46675188ec9b1641401083d2f7056d	correction	supersedes_the_iteration_7_record_row	-	NOT_REPRODUCIBLE	7116.654994	-28.19pct_vs_its_own_repeats	N	35176504/sdfada015/a1746c8f	verified	CORRECTION ROW superseding iteration 7 c7b-convert4 record=Y. That coronation was PROCEDURALLY VALID - measured against a same-iteration control with a bracket that moved only 1.21 pct - but the row does not reproduce: three repeats give 7115.62/7129.57/7116.65, -28.19 pct from 9909.201421. --convert-threads is a NULL (the 0,1,2,4,6,8 curve saturates on the convert-threads-0 baseline) and the iteration-7 margin was MODE LUCK, a fast-regime candidate against slow-regime controls. CHAMPION REVERTS to iteration 3 c3a-bf16
9	ctrl-a	iter09-runner	ooc-throughput	lib@ce84d803a8c4efb9791eeee6da256886c0baf93f+bench@fb41d16bbf46675188ec9b1641401083d2f7056d	flag-only	--block-rows_8192_--threads_16_--mode_direct_--sync-mode_deferred_--depth_2_--h2d_register_--wire-dtype_bfloat16_--read-chunk-bytes_8388608_--convert-threads_0_--min-intensity_0_--steady-window-s_300	7150	7162.860776	7157.438565	+0.08pct	N	35176504/sdfada015/a1746c8f	verified	opening control of THREE; read 24.415 GB/s; pool_rss_pct 59.99977, pool_setup_s 2.2e-05, populate_via none
9	c9-populate-r1	iter09-runner	ooc-throughput	lib@ce84d803a8c4efb9791eeee6da256886c0baf93f+bench@fb41d16bbf46675188ec9b1641401083d2f7056d	flag-only	--block-rows_8192_--threads_16_--mode_direct_--sync-mode_deferred_--depth_2_--h2d_register_--wire-dtype_bfloat16_--read-chunk-bytes_8388608_--convert-threads_0_--min-intensity_0_--steady-window-s_300_--pool-hugepages_populate	8300	7170.026094	7157.438565	+0.203pct	N	35176504/sdfada015/a1746c8f	verified	NULL-below-floor. MAP_POPULATE PROVABLY FIRED: pool_rss_pct 59.99977->100.0, pool_setup_s 2.2e-05->2.360763 s, pool_populate_via MAP_POPULATE, pool_rss_at_init_bytes 5368750080, wire pool likewise 100.0/1.13 s, no madvise or populate errors. Iteration 6 +17 pct pre-touch effect DOES NOT TRANSFER to the real store
9	ctrl-mid	iter09-runner	ooc-throughput	lib@ce84d803a8c4efb9791eeee6da256886c0baf93f+bench@fb41d16bbf46675188ec9b1641401083d2f7056d	flag-only	--block-rows_8192_--threads_16_--mode_direct_--sync-mode_deferred_--depth_2_--h2d_register_--wire-dtype_bfloat16_--read-chunk-bytes_8388608_--convert-threads_0_--min-intensity_0_--steady-window-s_300	7150	7148.108871	7157.438565	-0.13pct	N	35176504/sdfada015/a1746c8f	verified	MIDDLE control - added this iteration because iteration 8 showed a two-row bracket cannot tell a regime change from a knob
9	c9-populate-r2	iter09-runner	ooc-throughput	lib@ce84d803a8c4efb9791eeee6da256886c0baf93f+bench@fb41d16bbf46675188ec9b1641401083d2f7056d	flag-only	--block-rows_8192_--threads_16_--mode_direct_--sync-mode_deferred_--depth_2_--h2d_register_--wire-dtype_bfloat16_--read-chunk-bytes_8388608_--convert-threads_0_--min-intensity_0_--steady-window-s_300_--pool-hugepages_populate	8300	7737.059606	7154.727460	+8.139pct	N	35176504/sdfada015/a1746c8f	verified	OUTLIER, NOT A RESULT: +8.139 pct against its bracketing controls but +7.908 pct against its OWN r1 on byte-identical flags with identical pool telemetry. The controls either side agree to 0.19 pct so this is not clock drift - the per-process regime lottery is still live inside candidate rows. Honest reading: populate is a NULL at +0.20 pct and r2 is a lottery draw
9	c9-both	iter09-runner	ooc-throughput	lib@ce84d803a8c4efb9791eeee6da256886c0baf93f+bench@fb41d16bbf46675188ec9b1641401083d2f7056d	flag-only	--block-rows_8192_--threads_16_--mode_direct_--sync-mode_deferred_--depth_2_--h2d_register_--wire-dtype_bfloat16_--read-chunk-bytes_8388608_--convert-threads_0_--min-intensity_0_--steady-window-s_300_--pool-hugepages_both	same_as_populate	7038.307071	7154.727460	-1.627pct	N	35176504/sdfada015/a1746c8f	verified	SLIGHTLY HARMFUL and did NOT equal populate despite doing strictly more. thp_shmem_enabled printed verbatim as always_within_size_advise_[never]_deny_force with pool_shmem_thp_pct 0.0 and pool_thp_eligible 0, confirming the madvise half is a measured no-op - MY PREDICTION HELD. Unexpected: both reports pool_populate_via MADV_POPULATE_WRITE, a different code path to the same end state
9	c9-numa-interleave	iter09-runner	ooc-throughput	lib@ce84d803a8c4efb9791eeee6da256886c0baf93f+bench@fb41d16bbf46675188ec9b1641401083d2f7056d	flag-only	numactl_--interleave=all_+_--block-rows_8192_--threads_16_--mode_direct_--sync-mode_deferred_--depth_2_--h2d_register_--wire-dtype_bfloat16_--read-chunk-bytes_8388608_--convert-threads_0_--min-intensity_0_--steady-window-s_300	7150_band_6800-7600	9874.654290	7154.727460	+38.016pct	N	35176504/sdfada015/a1746c8f	verified	THE RESULT OF THE ITERATION, and n=1 so NOT crowned. read 34.226 GB/s, 3 jobs per window instead of 2, +38.016 pct over nearest controls against a three-control spread of 0.2064 pct. THE POOL FLAG WAS OFF (rss 59.99977, setup 2.26e-05, via none) so the gain is PAGE PLACEMENT, not residency. Free memory at launch was 25089/2878/4415/6274 MB on nodes 0/1/2/3 of ~193 GB each - default local allocation lands the pool on whichever node the touching thread is on and three of four are starved. THE FAST REGIME IS NOW REACHABLE ON DEMAND. Replication is iteration 10 first job
9	ctrl-b	iter09-runner	ooc-throughput	lib@ce84d803a8c4efb9791eeee6da256886c0baf93f+bench@fb41d16bbf46675188ec9b1641401083d2f7056d	flag-only	--block-rows_8192_--threads_16_--mode_direct_--sync-mode_deferred_--depth_2_--h2d_register_--wire-dtype_bfloat16_--read-chunk-bytes_8388608_--convert-threads_0_--min-intensity_0_--steady-window-s_300	7150	7161.346048	7157.438565	+0.05pct	N	35176504/sdfada015/a1746c8f	verified	closing control. THE THREE CONTROLS 7162.860776/7148.108871/7161.346048 spread 0.2064 pct over 82 min - INSIDE the 0.6319 pct floor and 97x tighter than iteration 8 -20.05 pct bracket. NOT drift-contaminated; candidate deltas this iteration are usable
10	ctrl-a	iter10-runner	ooc-throughput	lib@ce84d803a8c4efb9791eeee6da256886c0baf93f+bench@fb41d16bbf46675188ec9b1641401083d2f7056d	flag-only	--block-rows_8192_--threads_16_--mode_direct_--sync-mode_deferred_--depth_2_--h2d_register_--wire-dtype_bfloat16_--read-chunk-bytes_8388608_--convert-threads_0_--min-intensity_0_--steady-window-s_300	7155	9764.406706	-	FAST_draw	N	35176504/sdfada015/a1746c8f	verified	DEFAULT PLACEMENT CAME BACK FAST with no numactl at all (read 33.865 GB/s, 3 jobs). This row refuted my own reading of iteration 9: the per-process lottery is LIVE under default placement, so iteration 9 clean 0.2064 pct bracket was a lucky draw of three consecutive SLOW controls, not a stable baseline
10	c10-interleave-r1	iter10-runner	ooc-throughput	lib@ce84d803a8c4efb9791eeee6da256886c0baf93f+bench@fb41d16bbf46675188ec9b1641401083d2f7056d	flag-only	numactl_--interleave=all_+_--block-rows_8192_--threads_16_--mode_direct_--sync-mode_deferred_--depth_2_--h2d_register_--wire-dtype_bfloat16_--read-chunk-bytes_8388608_--convert-threads_0_--min-intensity_0_--steady-window-s_300	9850	9854.547536	9764.406706	+0.923pct_vs_FAST_ctrl	N	35176504/sdfada015/a1746c8f	verified	FAST. Reproduces iteration 9 interleave row to 0.2011 pct, but only +0.923 pct over a default-placement control that ALSO landed fast - about 1.4x the floor and BELOW the contract 1 pct minimum. Interleave coexists with the fast regime rather than outperforming it
10	c10-membind0	iter10-runner	ooc-throughput	lib@ce84d803a8c4efb9791eeee6da256886c0baf93f+bench@fb41d16bbf46675188ec9b1641401083d2f7056d	flag-only	numactl_--membind=0_--cpunodebind=0_+_--block-rows_8192_--threads_16_--mode_direct_--sync-mode_deferred_--depth_2_--h2d_register_--wire-dtype_bfloat16_--read-chunk-bytes_8388608_--convert-threads_0_--min-intensity_0_--steady-window-s_300	9700	7091.755889	9764.406706	-27.37pct	N	35176504/sdfada015/a1746c8f	verified	SLOW, and THE MECHANISTIC ROW: confining the pool to node 0 - the ONLY node with real free memory (25070 MB vs 2873/5177/7771) - is the slowest result of the iteration. The mechanism is NOT avoid-the-starved-nodes; the pool must be SPREAD. CPU feasibility confirmed: node 0 contributes 24 CPUs inside the cpuset, more than the 16 reader threads
10	ctrl-mid	iter10-runner	ooc-throughput	lib@ce84d803a8c4efb9791eeee6da256886c0baf93f+bench@fb41d16bbf46675188ec9b1641401083d2f7056d	flag-only	--block-rows_8192_--threads_16_--mode_direct_--sync-mode_deferred_--depth_2_--h2d_register_--wire-dtype_bfloat16_--read-chunk-bytes_8388608_--convert-threads_0_--min-intensity_0_--steady-window-s_300	7155	7307.842365	9764.406706	-25.15pct_vs_ctrl-a	N	35176504/sdfada015/a1746c8f	verified	SLOW. THE CONTROL BRACKET BLEW OPEN: byte-identical to ctrl-a 40 min earlier, -25.15 pct, 40x the floor. Free memory unchanged at 24986/2900/5231/7857 MB, so the substrate is constant while the outcome flips - page-count starvation alone is not the switch
10	c10-interleave-r2	iter10-runner	ooc-throughput	lib@ce84d803a8c4efb9791eeee6da256886c0baf93f+bench@fb41d16bbf46675188ec9b1641401083d2f7056d	flag-only	numactl_--interleave=all_+_--block-rows_8192_--threads_16_--mode_direct_--sync-mode_deferred_--depth_2_--h2d_register_--wire-dtype_bfloat16_--read-chunk-bytes_8388608_--convert-threads_0_--min-intensity_0_--steady-window-s_300	9850	9859.851000	9764.406706	+0.978pct_vs_FAST_ctrl	N	35176504/sdfada015/a1746c8f	verified	FAST. Replication 2 of 3
10	c10-interleave-pop	iter10-runner	ooc-throughput	lib@ce84d803a8c4efb9791eeee6da256886c0baf93f+bench@fb41d16bbf46675188ec9b1641401083d2f7056d	flag-only	numactl_--interleave=all_--pool-hugepages_populate_+_--block-rows_8192_--threads_16_--mode_direct_--sync-mode_deferred_--depth_2_--h2d_register_--wire-dtype_bfloat16_--read-chunk-bytes_8388608_--convert-threads_0_--min-intensity_0_--steady-window-s_300	9850	9899.003617	9764.406706	+1.379pct_vs_FAST_ctrl	N	35176504/sdfada015/a1746c8f	verified	FAST and the highest row of the iteration, but inside the interleave band (9854.5-9899.0 spans 0.45 pct) so populate still adds nothing. Its one visible effect: wire_pool_pin_s falls 1.21 -> 0.152 s because the wire pool was already resident. pool_rss_pct 100.0, pool_setup_s 2.499 s, populate_via MAP_POPULATE
10	c10-interleave-r3	iter10-runner	ooc-throughput	lib@ce84d803a8c4efb9791eeee6da256886c0baf93f+bench@fb41d16bbf46675188ec9b1641401083d2f7056d	flag-only	numactl_--interleave=all_+_--block-rows_8192_--threads_16_--mode_direct_--sync-mode_deferred_--depth_2_--h2d_register_--wire-dtype_bfloat16_--read-chunk-bytes_8388608_--convert-threads_0_--min-intensity_0_--steady-window-s_300	9850	9881.433265	9764.406706	+1.199pct_vs_FAST_ctrl	N	35176504/sdfada015/a1746c8f	verified	FAST. Replication 3 of 3. THE THREE REPEATS 9854.547536/9859.851000/9881.433265 have median 9859.851 and spread 0.273 pct - INSIDE the 0.6319 pct floor. THE CONFIGURATION REPRODUCES
10	ctrl-b	iter10-runner	ooc-throughput	lib@ce84d803a8c4efb9791eeee6da256886c0baf93f+bench@fb41d16bbf46675188ec9b1641401083d2f7056d	flag-only	--block-rows_8192_--threads_16_--mode_direct_--sync-mode_deferred_--depth_2_--h2d_register_--wire-dtype_bfloat16_--read-chunk-bytes_8388608_--convert-threads_0_--min-intensity_0_--steady-window-s_300	7155	7122.758700	9764.406706	-27.05pct_vs_ctrl-a	N	35176504/sdfada015/a1746c8f	verified	SLOW. THE THREE CONTROLS 9764.407/7307.842/7122.759 spread 37.1 pct - this iteration is LOTTERY-CONTAMINATED IN THE CONTROLS THEMSELVES, so no single-control candidate delta is meaningful. What IS meaningful is the RATE: interleave 4/4 fast this iteration and 5/5 across iterations 9-10; default 1/3 this iteration, about 3/13 overall; membind0 0/1
10	REPRODUCTION-champion	orchestrator	ooc-throughput	lib@ce84d803a8c4efb9791eeee6da256886c0baf93f+bench@fb41d16bbf46675188ec9b1641401083d2f7056d	reproduction	numactl_--interleave=all_+_--block-rows_8192_--threads_16_--mode_direct_--sync-mode_deferred_--depth_2_--h2d_register_--wire-dtype_bfloat16_--read-chunk-bytes_8388608_--convert-threads_0_--min-intensity_0_--steady-window-s_300	-	9874.654290_median_n5	-	spread_0.450pct_over_2_iterations	N	35176504/sdfada015/a1746c8f	verified	CONTRACT OBLIGATION SATISFIED. The champion configuration under numactl --interleave=all measured FIVE times across TWO iterations: 9874.654290 (iter09) and 9854.547536/9859.851000/9881.433265/9899.003617 (iter10). Median 9874.654290, min 9854.547536, max 9899.003617, (max-min)/median 0.450 pct, INSIDE the 0.6319 pct floor. The band CONTAINS iteration 3 c3a-bf16 record 9890.775672, so the two agree rather than one superseding the other. NOT record=Y: against the one FAST control the interleave median is +0.98 pct, below the contract 1 pct minimum. Its value is DETERMINISM, not speed
11	ctrl-il-a	iter11-runner	ooc-throughput	lib@ce84d803a8c4efb9791eeee6da256886c0baf93f+bench@fb41d16bbf46675188ec9b1641401083d2f7056d	flag-only	numactl_--interleave=all_+_--block-rows_8192_--threads_16_--mode_direct_--sync-mode_deferred_--depth_2_--h2d_register_--wire-dtype_bfloat16_--read-chunk-bytes_8388608_--min-intensity_0_--steady-window-s_300_--convert-threads_0	9875	9752.795140	9795.503395	-0.436pct	N	35176504/sdfada015/a1746c8f	verified	opening control, ALL ROWS THIS ITERATION CARRY INTERLEAVE so the regime is held constant rather than bracketed. FAST, read 33.857 GB/s. Slightly below my 9800-9950 band
11	c11-wire-f32	iter11-runner	ooc-throughput	lib@ce84d803a8c4efb9791eeee6da256886c0baf93f+bench@fb41d16bbf46675188ec9b1641401083d2f7056d	flag-only	numactl_--interleave=all_+_--block-rows_8192_--threads_16_--mode_direct_--sync-mode_deferred_--depth_2_--h2d_register_--wire-dtype_bfloat16_--read-chunk-bytes_8388608_--min-intensity_0_--steady-window-s_300_--wire-dtype_float32	read_35.5-36.9	6726.183838	9795.503395	+7.826pct_READ	N	35176504/sdfada015/a1746c8f	verified	DIAGNOSTIC not a candidate; the -31.3 pct on bytes is ARITHMETIC (f32 doubles wire bytes) and I predicted it in advance. THE MEASUREMENT: cast-free read 36.591563 GB/s vs the control mean 33.935695, so the bf16 cast costs 7.2581 pct of the read IN THE FAST REGIME - against +4.24 pct in iteration 3 and +45.7 pct in the slow regime. The cast-free read is only -0.78 pct from the 36.88 GB/s standalone probe, so THE PROBE-VS-PIPELINE GAP IS THE CAST. TWO CONFOUNDS the runner flagged and I keep: f32 flips the bottleneck to the GPU (sync_wait 0.13 -> 76 s, read 98.2 -> 61.8 pct of span, util 77 -> 100 pinned) so the reader gets host quiet, and the DMA topology changes (dma_pool wire->staging, pool_pinned false->true, wire pool 2.68 GB -> 0)
11	c11-convert4	iter11-runner	ooc-throughput	lib@ce84d803a8c4efb9791eeee6da256886c0baf93f+bench@fb41d16bbf46675188ec9b1641401083d2f7056d	code+flag	numactl_--interleave=all_+_--block-rows_8192_--threads_16_--mode_direct_--sync-mode_deferred_--depth_2_--h2d_register_--wire-dtype_bfloat16_--read-chunk-bytes_8388608_--min-intensity_0_--steady-window-s_300_--convert-threads_4	10150	10106.082244	9795.503395	+3.171pct	N	35176504/sdfada015/a1746c8f	verified	THE CAMPAIGN FIRST ROW OVER 10000 GB and INSIDE my predicted band 9850-10500. read 34.915832 GB/s = +2.888 pct, 4.6x the 0.6319 pct floor, recovering 36.90 pct of the cast 7.26 pct cost. Three per-job read values span 0.0347 pct, the tightest triple of the campaign. REFUTES iteration 8 NULL verdict, which was regime-bound: every row of that 1/2/4/6/8 curve was slow-regime where the reader was already stalled elsewhere. NOT CROWNED - n=1, and that discipline has caught two false records
11	c11-convert2	iter11-runner	ooc-throughput	lib@ce84d803a8c4efb9791eeee6da256886c0baf93f+bench@fb41d16bbf46675188ec9b1641401083d2f7056d	code+flag	numactl_--interleave=all_+_--block-rows_8192_--threads_16_--mode_direct_--sync-mode_deferred_--depth_2_--h2d_register_--wire-dtype_bfloat16_--read-chunk-bytes_8388608_--min-intensity_0_--steady-window-s_300_--convert-threads_2	10050	8367.679696	9795.503395	-14.576pct	N	35176504/sdfada015/a1746c8f	verified	HARMFUL and badly outside my 9800-10400 band. read 28.678358 GB/s = -15.49 pct, 24.5x the floor. Lands in the 7308-9764 GB gap that iteration 10 found EMPTY across eight rows, so it is a real flag effect and not a lottery draw. Mechanism visible: the read phase itself dilates (161.3/162.2 s vs 135.9/139.5) with read_wait_s still 0.000000 and util median 65.5 vs 77/80 - two decoupled cast threads back-pressure the reader. The knob is NON-MONOTONE: 0 -> 33.9, 2 -> 28.7, 4 -> 34.9 GB/s
11	ctrl-il-b	iter11-runner	ooc-throughput	lib@ce84d803a8c4efb9791eeee6da256886c0baf93f+bench@fb41d16bbf46675188ec9b1641401083d2f7056d	flag-only	numactl_--interleave=all_+_--block-rows_8192_--threads_16_--mode_direct_--sync-mode_deferred_--depth_2_--h2d_register_--wire-dtype_bfloat16_--read-chunk-bytes_8388608_--min-intensity_0_--steady-window-s_300_--convert-threads_0	9875	9838.211650	9795.503395	+0.436pct	N	35176504/sdfada015/a1746c8f	verified	closing control. INTERLEAVE HELD THE REGIME: the two controls spread 0.8720 pct on bytes and 0.4660 pct on the read - the read spread is INSIDE the 0.6319 pct floor and the pair is a 41x reduction on iteration 10 36.1 pct default-placement bracket. numactl --show confirmed policy interleave with interleavemask 0 1 2 3 on every row; per-NUMA free memory drifted under 1 pct across all five rows. Interleave is now FAST 8/8 across iterations 9-11
12	ctrl-il-a	iter12-runner	ooc-throughput	lib@ce84d803a8c4efb9791eeee6da256886c0baf93f+bench@fb41d16bbf46675188ec9b1641401083d2f7056d	flag-only	numactl_--interleave=all_+_--block-rows_8192_--threads_16_--mode_direct_--sync-mode_deferred_--depth_2_--h2d_register_--wire-dtype_bfloat16_--read-chunk-bytes_8388608_--min-intensity_0_--steady-window-s_300_--convert-threads_0	9800	9898.650000	9876.941500	+0.220pct	N	35176504/sdfada015/a1746c8f	verified	opening control, FAST read 34.27 GB/s
12	c12-convert4-r1	iter12-runner	ooc-throughput	lib@ce84d803a8c4efb9791eeee6da256886c0baf93f+bench@fb41d16bbf46675188ec9b1641401083d2f7056d	code+flag	numactl_--interleave=all_+_--block-rows_8192_--threads_16_--mode_direct_--sync-mode_deferred_--depth_2_--h2d_register_--wire-dtype_bfloat16_--read-chunk-bytes_8388608_--min-intensity_0_--steady-window-s_300_--convert-threads_4	10100	10123.790000	9876.941500	+2.499pct	N	35176504/sdfada015/a1746c8f	verified	REPLICATION 1 of 3; reproduces iteration 11 10106.082244 to 0.18 pct; read 35.00 GB/s
12	c12-convert3	iter12-runner	ooc-throughput	lib@ce84d803a8c4efb9791eeee6da256886c0baf93f+bench@fb41d16bbf46675188ec9b1641401083d2f7056d	code+flag	numactl_--interleave=all_+_--block-rows_8192_--threads_16_--mode_direct_--sync-mode_deferred_--depth_2_--h2d_register_--wire-dtype_bfloat16_--read-chunk-bytes_8388608_--min-intensity_0_--steady-window-s_300_--convert-threads_3	9700	9181.958000	9876.941500	-7.036pct	N	35176504/sdfada015/a1746c8f	verified	HARMFUL, lands in the GAP at read 31.35 GB/s. The fast-regime curve is now 0 -> 34.27, 2 -> 28.68, 3 -> 31.35, 4 -> 35.00, 6 -> 35.31 GB/s: a TROUGH at 2 with monotone recovery through 3 and 4. Below 4 the decoupled cast back-pressures the reader instead of relieving it
12	c12-convert4-r2	iter12-runner	ooc-throughput	lib@ce84d803a8c4efb9791eeee6da256886c0baf93f+bench@fb41d16bbf46675188ec9b1641401083d2f7056d	code+flag	numactl_--interleave=all_+_--block-rows_8192_--threads_16_--mode_direct_--sync-mode_deferred_--depth_2_--h2d_register_--wire-dtype_bfloat16_--read-chunk-bytes_8388608_--min-intensity_0_--steady-window-s_300_--convert-threads_4	10100	10145.939000	9876.941500	+2.723pct	N	35176504/sdfada015/a1746c8f	verified	REPLICATION 2 of 3; read 35.00 GB/s
12	c12-convert6	iter12-runner	ooc-throughput	lib@ce84d803a8c4efb9791eeee6da256886c0baf93f+bench@fb41d16bbf46675188ec9b1641401083d2f7056d	code+flag	numactl_--interleave=all_+_--block-rows_8192_--threads_16_--mode_direct_--sync-mode_deferred_--depth_2_--h2d_register_--wire-dtype_bfloat16_--read-chunk-bytes_8388608_--min-intensity_0_--steady-window-s_300_--convert-threads_6	10150	10218.933000	9876.941500	+3.463pct	N	35176504/sdfada015/a1746c8f	verified	THE HIGHEST ROW OF THE CAMPAIGN at read 35.31 GB/s, and INSIDE my predicted band 9700-10450. n=1 so NOT crowned; iteration 13 replicates it and extends the curve to 8/10/12 to find whether the peak is at 6 or beyond
12	c12-convert4-r3	iter12-runner	ooc-throughput	lib@ce84d803a8c4efb9791eeee6da256886c0baf93f+bench@fb41d16bbf46675188ec9b1641401083d2f7056d	code+flag	numactl_--interleave=all_+_--block-rows_8192_--threads_16_--mode_direct_--sync-mode_deferred_--depth_2_--h2d_register_--wire-dtype_bfloat16_--read-chunk-bytes_8388608_--min-intensity_0_--steady-window-s_300_--convert-threads_4	10100	10158.192000	9876.941500	+2.847pct	Y	35176504/sdfada015/a1746c8f	verified	NEW CHAMPION, numerics-affecting (bf16 wire). REPLICATION 3 of 3: the three repeats 10123.790/10145.939/10158.192 have median 10145.939 and spread 0.339 pct, INSIDE the 0.6319 pct floor; with iteration 11 10106.082244 that is FOUR rows across TWO iterations spanning 0.514 pct. Median 10145.939 is +2.723 pct over the same-iteration control mean 9876.9415 (4.3x the floor, above the contract 1 pct minimum), +2.58 pct over the previous champion c3a-bf16 9890.775672, and +2.49 pct above the top of the five-row interleave reproduction band. 2.493x the origin median; 92.3 pct of the 10992 GB read roof
12	ctrl-il-b	iter12-runner	ooc-throughput	lib@ce84d803a8c4efb9791eeee6da256886c0baf93f+bench@fb41d16bbf46675188ec9b1641401083d2f7056d	flag-only	numactl_--interleave=all_+_--block-rows_8192_--threads_16_--mode_direct_--sync-mode_deferred_--depth_2_--h2d_register_--wire-dtype_bfloat16_--read-chunk-bytes_8388608_--min-intensity_0_--steady-window-s_300_--convert-threads_0	9800	9855.232000	9876.941500	-0.220pct	N	35176504/sdfada015/a1746c8f	verified	closing control, FAST read 34.25 GB/s. THE BRACKET IS CLEAN: 9898.651 vs 9855.232 = 0.440 pct spread, inside the 0.6319 pct floor, so this iteration deltas are usable. Interleave now FAST 15/15 across iterations 9-12
13	ctrl-il-a	iter13-runner	ooc-throughput	lib@ce84d803a8c4efb9791eeee6da256886c0baf93f+bench@fb41d16bbf46675188ec9b1641401083d2f7056d	flag-only	numactl_--interleave=all_+_--block-rows_8192_--threads_16_--mode_direct_--sync-mode_deferred_--depth_2_--h2d_register_--wire-dtype_bfloat16_--read-chunk-bytes_8388608_--min-intensity_0_--steady-window-s_300_--convert-threads_0	9875	9824.905000	9824.905000	0	N	35176504/sdfada015/a1746c8f	verified	opening control, FAST read 34.05 GB/s, INSIDE my predicted band 9750-10000. Closing control ctrl-il-b was lost to a server-side API failure and is measured in the continuation
13	c13-convert6-r1	iter13-runner	ooc-throughput	lib@ce84d803a8c4efb9791eeee6da256886c0baf93f+bench@fb41d16bbf46675188ec9b1641401083d2f7056d	code+flag	numactl_--interleave=all_+_--block-rows_8192_--threads_16_--mode_direct_--sync-mode_deferred_--depth_2_--h2d_register_--wire-dtype_bfloat16_--read-chunk-bytes_8388608_--min-intensity_0_--steady-window-s_300_--convert-threads_6	10215	10219.430000	9824.905000	+4.014pct	N	35176504/sdfada015/a1746c8f	verified	REPLICATION 1 of 3, read 35.29 GB/s
13	c13-convert8	iter13-runner	ooc-throughput	lib@ce84d803a8c4efb9791eeee6da256886c0baf93f+bench@fb41d16bbf46675188ec9b1641401083d2f7056d	code+flag	numactl_--interleave=all_+_--block-rows_8192_--threads_16_--mode_direct_--sync-mode_deferred_--depth_2_--h2d_register_--wire-dtype_bfloat16_--read-chunk-bytes_8388608_--min-intensity_0_--steady-window-s_300_--convert-threads_8	10250	10274.621000	9824.905000	+4.577pct	N	35176504/sdfada015/a1746c8f	verified	HIGHEST ROW OF THE CAMPAIGN at read 35.51 GB/s and INSIDE my predicted band 10000-10450; my stated lean that 8 would match or slightly beat 6 HELD. n=1 so NOT crowned - iteration 14 replicates it three times
13	c13-convert6-r2	iter13-runner	ooc-throughput	lib@ce84d803a8c4efb9791eeee6da256886c0baf93f+bench@fb41d16bbf46675188ec9b1641401083d2f7056d	code+flag	numactl_--interleave=all_+_--block-rows_8192_--threads_16_--mode_direct_--sync-mode_deferred_--depth_2_--h2d_register_--wire-dtype_bfloat16_--read-chunk-bytes_8388608_--min-intensity_0_--steady-window-s_300_--convert-threads_6	10215	10202.353000	9824.905000	+3.840pct	N	35176504/sdfada015/a1746c8f	verified	REPLICATION 2 of 3, read 35.22 GB/s
13	c13-convert12	iter13-runner	ooc-throughput	lib@ce84d803a8c4efb9791eeee6da256886c0baf93f+bench@fb41d16bbf46675188ec9b1641401083d2f7056d	code+flag	numactl_--interleave=all_+_--block-rows_8192_--threads_16_--mode_direct_--sync-mode_deferred_--depth_2_--h2d_register_--wire-dtype_bfloat16_--read-chunk-bytes_8388608_--min-intensity_0_--steady-window-s_300_--convert-threads_12	10150	10271.258000	9824.905000	+4.543pct	N	35176504/sdfada015/a1746c8f	verified	THE CURVE FLATTENS RATHER THAN TURNING DOWN: 12 threads matches 8 to within 0.033 pct (10271.258 vs 10274.621), read 35.48 vs 35.51. My prediction that 12 would turn back down (band 9600-10450, point 10150) is REFUTED in shape though the value is inside the band. 28 threads competing for memory controllers does NOT bite, so the residual cast cost is not thread-limited past 8
13	c13-convert6-r3	iter13-runner	ooc-throughput	lib@ce84d803a8c4efb9791eeee6da256886c0baf93f+bench@fb41d16bbf46675188ec9b1641401083d2f7056d	code+flag	numactl_--interleave=all_+_--block-rows_8192_--threads_16_--mode_direct_--sync-mode_deferred_--depth_2_--h2d_register_--wire-dtype_bfloat16_--read-chunk-bytes_8388608_--min-intensity_0_--steady-window-s_300_--convert-threads_6	10215	10215.123000	9824.905000	+3.971pct	N	35176504/sdfada015/a1746c8f	verified	REPLICATION 3 of 3. THE THREE REPEATS 10219.430/10202.353/10215.123 have median 10215.123 and spread 0.167 pct, INSIDE the 0.6319 pct floor - convert6 REPRODUCES, and my predicted band 10050-10380 with spread under 1 pct HELD on both counts. Not crowned because convert8 is higher and its replication decides the champion
13	ctrl-il-b	iter13-14-runner	ooc-throughput	lib@ce84d803a8c4efb9791eeee6da256886c0baf93f+bench@fb41d16bbf46675188ec9b1641401083d2f7056d	flag-only	numactl_--interleave=all_+_--block-rows_8192_--threads_16_--mode_direct_--sync-mode_deferred_--depth_2_--h2d_register_--wire-dtype_bfloat16_--read-chunk-bytes_8388608_--min-intensity_0_--steady-window-s_300_--convert-threads_0	9875	9980.735000	9902.820000	+0.787pct	N	35176504/sdfada015/a1746c8f	verified	closing control, measured in the continuation after a server-side API failure killed the first runner at item 6 of 7. FAST read 34.31 GB/s. BRACKET 9824.905 vs 9980.735 = 1.574 pct spread, 2.5x the 0.6319 pct floor - wider than iterations 11-12 but far from iteration 4 contamination, so this iteration deltas stand WITH THAT CAVEAT NAMED. Against the control mean 9902.820: convert6 median +3.153 pct, convert8 +3.754 pct, convert12 +3.720 pct
14	ctrl-il-a	iter14-runner	ooc-throughput	lib@ce84d803a8c4efb9791eeee6da256886c0baf93f+bench@fb41d16bbf46675188ec9b1641401083d2f7056d	flag-only	numactl_--interleave=all_+_--block-rows_8192_--threads_16_--mode_direct_--sync-mode_deferred_--depth_2_--h2d_register_--wire-dtype_bfloat16_--read-chunk-bytes_8388608_--min-intensity_0_--steady-window-s_300_--convert-threads_0	9900	9910.162000	9960.131000	-0.502pct	N	35176504/sdfada015/a1746c8f	verified	opening control, FAST read 34.24 GB/s, INSIDE my predicted band 9750-10050
14	c14-convert8-r1	iter14-runner	ooc-throughput	lib@ce84d803a8c4efb9791eeee6da256886c0baf93f+bench@fb41d16bbf46675188ec9b1641401083d2f7056d	code+flag	numactl_--interleave=all_+_--block-rows_8192_--threads_16_--mode_direct_--sync-mode_deferred_--depth_2_--h2d_register_--wire-dtype_bfloat16_--read-chunk-bytes_8388608_--min-intensity_0_--steady-window-s_300_--convert-threads_8	10270	10250.668000	9960.131000	+2.917pct	N	35176504/sdfada015/a1746c8f	verified	REPLICATION 1 of 3; reproduces iteration 13 10274.621 to 0.23 pct; read 35.40 GB/s
14	c14-convert10	iter14-runner	ooc-throughput	lib@ce84d803a8c4efb9791eeee6da256886c0baf93f+bench@fb41d16bbf46675188ec9b1641401083d2f7056d	code+flag	numactl_--interleave=all_+_--block-rows_8192_--threads_16_--mode_direct_--sync-mode_deferred_--depth_2_--h2d_register_--wire-dtype_bfloat16_--read-chunk-bytes_8388608_--min-intensity_0_--steady-window-s_300_--convert-threads_10	10270	10264.534000	9960.131000	+3.056pct	N	35176504/sdfada015/a1746c8f	verified	ON THE PLATEAU exactly as predicted (band 10150-10400): read 35.48 GB/s, indistinguishable from 8 and 12. The 8/10/12 plateau is now three points wide
14	c14-convert8-r2	iter14-runner	ooc-throughput	lib@ce84d803a8c4efb9791eeee6da256886c0baf93f+bench@fb41d16bbf46675188ec9b1641401083d2f7056d	code+flag	numactl_--interleave=all_+_--block-rows_8192_--threads_16_--mode_direct_--sync-mode_deferred_--depth_2_--h2d_register_--wire-dtype_bfloat16_--read-chunk-bytes_8388608_--min-intensity_0_--steady-window-s_300_--convert-threads_8	10270	10233.175000	9960.131000	+2.741pct	N	35176504/sdfada015/a1746c8f	verified	REPLICATION 2 of 3; read 35.39 GB/s
14	c14-convert8-r3	iter14-runner	ooc-throughput	lib@ce84d803a8c4efb9791eeee6da256886c0baf93f+bench@fb41d16bbf46675188ec9b1641401083d2f7056d	code+flag	numactl_--interleave=all_+_--block-rows_8192_--threads_16_--mode_direct_--sync-mode_deferred_--depth_2_--h2d_register_--wire-dtype_bfloat16_--read-chunk-bytes_8388608_--min-intensity_0_--steady-window-s_300_--convert-threads_8	10270	10265.215000	9960.131000	+3.063pct	Y	35176504/sdfada015/a1746c8f	verified	NEW CHAMPION, numerics-affecting (bf16 wire). REPLICATION 3 of 3: the three repeats 10250.668/10233.175/10265.215 have median 10250.668 and spread 0.313 pct, INSIDE the 0.6319 pct floor; with iteration 13 10274.621 that is FOUR rows across TWO iterations spanning 0.404 pct. Median +2.917 pct over the same-iteration control mean 9960.131 (4.6x the floor, above the contract 1 pct minimum). 2.519x the origin median 4069.478213; 93.3 pct of the 10992 GB read roof. Predicted 10270 band 10120-10420 with spread under 1 pct - HELD on both counts
14	ctrl-il-b	iter14-runner	ooc-throughput	lib@ce84d803a8c4efb9791eeee6da256886c0baf93f+bench@fb41d16bbf46675188ec9b1641401083d2f7056d	flag-only	numactl_--interleave=all_+_--block-rows_8192_--threads_16_--mode_direct_--sync-mode_deferred_--depth_2_--h2d_register_--wire-dtype_bfloat16_--read-chunk-bytes_8388608_--min-intensity_0_--steady-window-s_300_--convert-threads_0	9900	10010.100000	9960.131000	+0.502pct	N	35176504/sdfada015/a1746c8f	verified	closing control, FAST read 34.36 GB/s. BRACKET 9910.162 vs 10010.100 = 1.008 pct spread, 1.6x the floor - tighter than iteration 13 1.574 pct, and all six rows landed FAST. Interleave is now FAST 28/28 across iterations 9-14 with no slow draw ever recorded under the flag
15	ctrl-il-a	iter15-runner	ooc-throughput	lib@ce84d803a8c4efb9791eeee6da256886c0baf93f+bench@fb41d16bbf46675188ec9b1641401083d2f7056d	flag-only	numactl_--interleave=all_+_--block-rows_8192_--threads_16_--mode_direct_--sync-mode_deferred_--h2d_register_--wire-dtype_bfloat16_--read-chunk-bytes_8388608_--convert-threads_8_--min-intensity_0_--steady-window-s_300_--depth_2	10000	10250.999615	10237.482817	+0.132pct	N	35176504/sdfada015/a1746c8f	verified	opening control at the champion configuration; lands within 0.003 pct of the standing champion median 10250.668, so this is the same regime iterations 13-14 measured in. My predicted band 9850-10150 was too LOW - the champion itself now reads 10251
15	c15-depth4	iter15-runner	ooc-throughput	lib@ce84d803a8c4efb9791eeee6da256886c0baf93f+bench@fb41d16bbf46675188ec9b1641401083d2f7056d	flag-only	numactl_--interleave=all_+_--block-rows_8192_--threads_16_--mode_direct_--sync-mode_deferred_--h2d_register_--wire-dtype_bfloat16_--read-chunk-bytes_8388608_--convert-threads_8_--min-intensity_0_--steady-window-s_300_--depth_4	NULL_10250	10360.796624	10237.482817	+1.205pct	N	35176504/sdfada015/a1746c8f	verified	NOT A NULL - REFUTES MY PREDICTION. +1.2045 pct, 1.9x the 0.6319 pct floor. The gain is IN THE READ PHASE (implied read 35.4375 -> 35.7653) and sync_wait did NOT move (0.10 pct both), so my reasoning that a deeper FIFO can only recover sync time bounded the effect correctly but attributed it to the wrong phase. n=1, and its own job-to-job read spread is 0.5875 pct vs 0.0390 on the control, so the effect is only ~2x this row internal scatter. CONFOUND NAMED BY THE RUNNER: --depth 4 also derives nbuf 7 (7.516 GB) against the controls nbuf 5 (5.369 GB), so depth is not isolated from its own pool growth
15	c15-syncevery4	iter15-runner	ooc-throughput	lib@ce84d803a8c4efb9791eeee6da256886c0baf93f+bench@fb41d16bbf46675188ec9b1641401083d2f7056d	flag-only	numactl_--interleave=all_+_--block-rows_8192_--threads_16_--mode_direct_--sync-mode_deferred_--h2d_register_--wire-dtype_bfloat16_--read-chunk-bytes_8388608_--convert-threads_8_--min-intensity_0_--steady-window-s_300_--depth_2_--sync-every_4	NULL_10260	10384.020976	10237.482817	+1.431pct	N	35176504/sdfada015/a1746c8f	verified	NOT A NULL and the HIGHEST ROW OF THE CAMPAIGN at 94.5 pct of the read roof. +1.4314 pct, 2.3x the floor. The library did NOT refuse: nbuf derived to 8 = depth 2 + sync_every 4 + 2 exactly as documented, so no --nbuf was needed. sync_wait fell as designed (0.10/0.09/0.09 -> 0.04/0.03/0.04 pct of the wall) but that is only ~0.06 pct and CANNOT account for a 1.43 pct gain - the gain is in the read phase. n=1 with row-internal read spread 0.5302 pct; SAME nbuf CONFOUND as depth4. Iteration 16 replicates it and isolates nbuf
15	c15-nbuf12	iter15-runner	ooc-throughput	lib@ce84d803a8c4efb9791eeee6da256886c0baf93f+bench@fb41d16bbf46675188ec9b1641401083d2f7056d	flag-only	numactl_--interleave=all_+_--block-rows_8192_--threads_16_--mode_direct_--sync-mode_deferred_--h2d_register_--wire-dtype_bfloat16_--read-chunk-bytes_8388608_--convert-threads_8_--min-intensity_0_--steady-window-s_300_--depth_2_--nbuf_12	NULL_10240	10244.070583	10237.482817	+0.064pct	N	35176504/sdfada015/a1746c8f	verified	NULL-below-floor, exactly as predicted, and THE NAMED RISK DID NOT MATERIALISE - it landed FAST. The reason is instructive: pool_size_bytes 12885000192 (12.885 GB staging, 6.442 GB wire) but pool_rss_pct fell to 25.0 from the controls 60.0, so SEVEN OF TWELVE BUFFERS WERE NEVER FAULTED IN. The pipeline touches the same absolute number of buffers regardless of pool size, which is why the extra pages cost nothing. wire_pool_pin_s 2.897 vs 1.240, paid before the window opens
15	ctrl-il-b	iter15-runner	ooc-throughput	lib@ce84d803a8c4efb9791eeee6da256886c0baf93f+bench@fb41d16bbf46675188ec9b1641401083d2f7056d	flag-only	numactl_--interleave=all_+_--block-rows_8192_--threads_16_--mode_direct_--sync-mode_deferred_--h2d_register_--wire-dtype_bfloat16_--read-chunk-bytes_8388608_--convert-threads_8_--min-intensity_0_--steady-window-s_300_--depth_2	10000	10223.966019	10237.482817	-0.132pct	N	35176504/sdfada015/a1746c8f	verified	closing control. BRACKET 10250.999615 vs 10223.966019 = 0.2641 pct spread, INSIDE the 0.6319 pct floor - the cleanest bracket since iteration 12. All five rows landed FAST; interleave now 33/33 across iterations 9-15
16	ctrl-il-a	iter16-runner	ooc-throughput	lib@ce84d803a8c4efb9791eeee6da256886c0baf93f+bench@fb41d16bbf46675188ec9b1641401083d2f7056d	flag-only	numactl_--interleave=all_+_--block-rows_8192_--threads_16_--mode_direct_--sync-mode_deferred_--h2d_register_--wire-dtype_bfloat16_--read-chunk-bytes_8388608_--convert-threads_8_--min-intensity_0_--steady-window-s_300_--depth_2	10240	10208.398201	10210.554906	-0.021pct	N	35176504/sdfada015/a1746c8f	verified	opening control, nbuf 5, pool 5368750080 B, pool_rss_pct 60.0, read 35.281 GB/s
16	c16-syncevery4-r1	iter16-runner	ooc-throughput	lib@ce84d803a8c4efb9791eeee6da256886c0baf93f+bench@fb41d16bbf46675188ec9b1641401083d2f7056d	flag-only	numactl_--interleave=all_+_--block-rows_8192_--threads_16_--mode_direct_--sync-mode_deferred_--h2d_register_--wire-dtype_bfloat16_--read-chunk-bytes_8388608_--convert-threads_8_--min-intensity_0_--steady-window-s_300_--depth_2_--sync-every_4	10380	10306.870015	10210.554906	+0.943pct	N	35176504/sdfada015/a1746c8f	verified	REPLICATION 1 of 3; nbuf derived 8, pool 8590000128 B, pool_rss_pct 75.0
16	c16-nbuf8-isolation	iter16-runner	ooc-throughput	lib@ce84d803a8c4efb9791eeee6da256886c0baf93f+bench@fb41d16bbf46675188ec9b1641401083d2f7056d	flag-only	numactl_--interleave=all_+_--block-rows_8192_--threads_16_--mode_direct_--sync-mode_deferred_--h2d_register_--wire-dtype_bfloat16_--read-chunk-bytes_8388608_--convert-threads_8_--min-intensity_0_--steady-window-s_300_--depth_2_--nbuf_8	10250	10200.087961	10210.554906	-0.103pct	N	35176504/sdfada015/a1746c8f	verified	THE ISOLATION ROW AND IT ANSWERS ITS QUESTION. --nbuf 8 alone reproduces sync-every-4 pool BYTE-IDENTICALLY (nbuf 8, pool_size_bytes 8590000128, wire 4294967296) with none of its sync behaviour, and returns -0.1025 pct - a NULL on the wrong side of zero. THE GAIN BELONGS TO --sync-every, NOT TO THE POOL IT DERIVES. pool_rss_pct 37.5 here against 75.0 at sync_every 4 on the SAME pool: at sync_every 1 only 3 of 8 buffers are ever touched, so the extra staging is allocated and never resident - which also retro-explains iteration 15 --nbuf 12 NULL. MY PREDICTION HELD
16	c16-syncevery4-r2	iter16-runner	ooc-throughput	lib@ce84d803a8c4efb9791eeee6da256886c0baf93f+bench@fb41d16bbf46675188ec9b1641401083d2f7056d	flag-only	numactl_--interleave=all_+_--block-rows_8192_--threads_16_--mode_direct_--sync-mode_deferred_--h2d_register_--wire-dtype_bfloat16_--read-chunk-bytes_8388608_--convert-threads_8_--min-intensity_0_--steady-window-s_300_--depth_2_--sync-every_4	10380	10258.004336	10210.554906	+0.465pct	N	35176504/sdfada015/a1746c8f	verified	REPLICATION 2 of 3
16	c16-depth4-syncevery4	iter16-runner	ooc-throughput	lib@ce84d803a8c4efb9791eeee6da256886c0baf93f+bench@fb41d16bbf46675188ec9b1641401083d2f7056d	flag-only	numactl_--interleave=all_+_--block-rows_8192_--threads_16_--mode_direct_--sync-mode_deferred_--h2d_register_--wire-dtype_bfloat16_--read-chunk-bytes_8388608_--convert-threads_8_--min-intensity_0_--steady-window-s_300_--depth_4_--sync-every_4	10450	10321.903471	10210.554906	+1.091pct	N	35176504/sdfada015/a1746c8f	verified	HIGHEST ROW OF THE ITERATION and inside my band 10250-10600. Above ALL THREE sync-every-4 repeats, consistent with composition - but the margin over the BEST sync-every-4 row is only +0.1459 pct, inside that row own 0.8503 pct job-to-job scatter (the noisiest of the iteration) and inside the triplet 0.4758 pct spread. n=1 CANNOT separate depth-4-adds-0.5-pct from a high draw of the sync-every-4 distribution. nbuf derived 10, pool 10737500160 B, pool_rss_pct 80.0; sync_wait 0.038 pct identical to sync-every-4 alone, so depth 4 adds nothing on that line
16	c16-syncevery4-r3	iter16-runner	ooc-throughput	lib@ce84d803a8c4efb9791eeee6da256886c0baf93f+bench@fb41d16bbf46675188ec9b1641401083d2f7056d	flag-only	numactl_--interleave=all_+_--block-rows_8192_--threads_16_--mode_direct_--sync-mode_deferred_--h2d_register_--wire-dtype_bfloat16_--read-chunk-bytes_8388608_--convert-threads_8_--min-intensity_0_--steady-window-s_300_--depth_2_--sync-every_4	10380	10269.709862	10210.554906	+0.579pct	N	35176504/sdfada015/a1746c8f	verified	REPLICATION 3 of 3. THE TRIPLET 10306.870/10258.004/10269.710 has median 10269.710 and spread 0.4758 pct, INSIDE the 0.6319 pct floor - internally consistent. BUT ITERATION 15 10384.021 DOES NOT REPRODUCE: it is +1.1131 pct above this median and +0.7485 pct above even the best of the three, outside the triplet entire range. Iteration 15 single reading was an OUTLIER HIGH. The true effect is +0.579 pct at the median, BELOW the 0.6319 pct floor and below the contract 1 pct minimum, so --sync-every 4 is a NULL-BELOW-FLOOR - though the sign is not in doubt, since all three beat both controls against a 0.0422 pct bracket. MECHANISM STILL UNEXPLAINED: sync_wait falls 0.090 -> 0.038 pct of span (~0.21 s per 3 jobs), an ORDER OF MAGNITUDE too small for a ~2.3 s gain; the time comes out of READ (131.4 -> 130.3 s per job)
16	ctrl-il-b	iter16-runner	ooc-throughput	lib@ce84d803a8c4efb9791eeee6da256886c0baf93f+bench@fb41d16bbf46675188ec9b1641401083d2f7056d	flag-only	numactl_--interleave=all_+_--block-rows_8192_--threads_16_--mode_direct_--sync-mode_deferred_--h2d_register_--wire-dtype_bfloat16_--read-chunk-bytes_8388608_--convert-threads_8_--min-intensity_0_--steady-window-s_300_--depth_2	10240	10212.711610	10210.554906	+0.021pct	N	35176504/sdfada015/a1746c8f	verified	closing control. BRACKET 10208.398201 vs 10212.711610 = 0.0422 pct - THE TIGHTEST CONTROL BRACKET OF THE CAMPAIGN, against iteration 15 0.2641 pct. No row landed slow; implied read spans 35.281-35.601 GB/s entirely inside the FAST band. Interleave now 40/40 across iterations 9-16
17	floor-r1	iter17-runner	ooc-throughput	lib@ce84d803a8c4efb9791eeee6da256886c0baf93f+bench@fb41d16bbf46675188ec9b1641401083d2f7056d	flag-only	numactl_--interleave=all_+_--block-rows_8192_--threads_16_--mode_direct_--sync-mode_deferred_--h2d_register_--wire-dtype_bfloat16_--read-chunk-bytes_8388608_--convert-threads_8_--min-intensity_0_--steady-window-s_300_--depth_2	10230	10203.387100	10206.615573	-	N	35176504/sdfada015/a1746c8f	verified	FLOOR ROW 1 of 5, run BACK TO BACK with nothing between. THE FAST-REGIME NOISE FLOOR AT n=5 IS 0.2196 pct (median 10206.615573, min 10197.936427, max 10220.351880) - 2.88x TIGHTER than iteration 5 slow-regime 0.6319 pct. The 37x range of past n=2 brackets (0.042-1.574 pct) was NOT the instrument resolving power; n=2 samples the tails. Median within-process read spread 0.1674 pct, so most of the floor is within-process jitter
17	floor-r2	iter17-runner	ooc-throughput	lib@ce84d803a8c4efb9791eeee6da256886c0baf93f+bench@fb41d16bbf46675188ec9b1641401083d2f7056d	flag-only	numactl_--interleave=all_+_--block-rows_8192_--threads_16_--mode_direct_--sync-mode_deferred_--h2d_register_--wire-dtype_bfloat16_--read-chunk-bytes_8388608_--convert-threads_8_--min-intensity_0_--steady-window-s_300_--depth_2	10230	10206.826959	10206.615573	-	N	35176504/sdfada015/a1746c8f	verified	FLOOR ROW 2 of 5, run BACK TO BACK with nothing between. THE FAST-REGIME NOISE FLOOR AT n=5 IS 0.2196 pct (median 10206.615573, min 10197.936427, max 10220.351880) - 2.88x TIGHTER than iteration 5 slow-regime 0.6319 pct. The 37x range of past n=2 brackets (0.042-1.574 pct) was NOT the instrument resolving power; n=2 samples the tails. Median within-process read spread 0.1674 pct, so most of the floor is within-process jitter
17	floor-r3	iter17-runner	ooc-throughput	lib@ce84d803a8c4efb9791eeee6da256886c0baf93f+bench@fb41d16bbf46675188ec9b1641401083d2f7056d	flag-only	numactl_--interleave=all_+_--block-rows_8192_--threads_16_--mode_direct_--sync-mode_deferred_--h2d_register_--wire-dtype_bfloat16_--read-chunk-bytes_8388608_--convert-threads_8_--min-intensity_0_--steady-window-s_300_--depth_2	10230	10206.615573	10206.615573	-	N	35176504/sdfada015/a1746c8f	verified	FLOOR ROW 3 of 5, run BACK TO BACK with nothing between. THE FAST-REGIME NOISE FLOOR AT n=5 IS 0.2196 pct (median 10206.615573, min 10197.936427, max 10220.351880) - 2.88x TIGHTER than iteration 5 slow-regime 0.6319 pct. The 37x range of past n=2 brackets (0.042-1.574 pct) was NOT the instrument resolving power; n=2 samples the tails. Median within-process read spread 0.1674 pct, so most of the floor is within-process jitter
17	floor-r4	iter17-runner	ooc-throughput	lib@ce84d803a8c4efb9791eeee6da256886c0baf93f+bench@fb41d16bbf46675188ec9b1641401083d2f7056d	flag-only	numactl_--interleave=all_+_--block-rows_8192_--threads_16_--mode_direct_--sync-mode_deferred_--h2d_register_--wire-dtype_bfloat16_--read-chunk-bytes_8388608_--convert-threads_8_--min-intensity_0_--steady-window-s_300_--depth_2	10230	10197.936427	10206.615573	-	N	35176504/sdfada015/a1746c8f	verified	FLOOR ROW 4 of 5, run BACK TO BACK with nothing between. THE FAST-REGIME NOISE FLOOR AT n=5 IS 0.2196 pct (median 10206.615573, min 10197.936427, max 10220.351880) - 2.88x TIGHTER than iteration 5 slow-regime 0.6319 pct. The 37x range of past n=2 brackets (0.042-1.574 pct) was NOT the instrument resolving power; n=2 samples the tails. Median within-process read spread 0.1674 pct, so most of the floor is within-process jitter
17	floor-r5	iter17-runner	ooc-throughput	lib@ce84d803a8c4efb9791eeee6da256886c0baf93f+bench@fb41d16bbf46675188ec9b1641401083d2f7056d	flag-only	numactl_--interleave=all_+_--block-rows_8192_--threads_16_--mode_direct_--sync-mode_deferred_--h2d_register_--wire-dtype_bfloat16_--read-chunk-bytes_8388608_--convert-threads_8_--min-intensity_0_--steady-window-s_300_--depth_2	10230	10220.351880	10206.615573	-	N	35176504/sdfada015/a1746c8f	verified	FLOOR ROW 5 of 5, run BACK TO BACK with nothing between. THE FAST-REGIME NOISE FLOOR AT n=5 IS 0.2196 pct (median 10206.615573, min 10197.936427, max 10220.351880) - 2.88x TIGHTER than iteration 5 slow-regime 0.6319 pct. The 37x range of past n=2 brackets (0.042-1.574 pct) was NOT the instrument resolving power; n=2 samples the tails. Median within-process read spread 0.1674 pct, so most of the floor is within-process jitter
17	c17-d4s4-r1	iter17-runner	ooc-throughput	lib@ce84d803a8c4efb9791eeee6da256886c0baf93f+bench@fb41d16bbf46675188ec9b1641401083d2f7056d	flag-only	numactl_--interleave=all_+_--block-rows_8192_--threads_16_--mode_direct_--sync-mode_deferred_--h2d_register_--wire-dtype_bfloat16_--read-chunk-bytes_8388608_--convert-threads_8_--min-intensity_0_--steady-window-s_300_--depth_4_--sync-every_4	10310	10316.342541	10206.615573	+1.075pct	N	35176504/sdfada015/a1746c8f	verified	REPLICATION 1 of 3 against the new floor; nbuf 10, pool 10737500160 B, pool_rss_pct 80.0
17	c17-d4s4-r2	iter17-runner	ooc-throughput	lib@ce84d803a8c4efb9791eeee6da256886c0baf93f+bench@fb41d16bbf46675188ec9b1641401083d2f7056d	flag-only	numactl_--interleave=all_+_--block-rows_8192_--threads_16_--mode_direct_--sync-mode_deferred_--h2d_register_--wire-dtype_bfloat16_--read-chunk-bytes_8388608_--convert-threads_8_--min-intensity_0_--steady-window-s_300_--depth_4_--sync-every_4	10310	10272.199213	10206.615573	+0.643pct	N	35176504/sdfada015/a1746c8f	verified	REPLICATION 2 of 3 - the LOW replicate, and the reason the effect is approximately 1 pct rather than above it
17	c17-d4s4-r3	iter17-runner	ooc-throughput	lib@ce84d803a8c4efb9791eeee6da256886c0baf93f+bench@fb41d16bbf46675188ec9b1641401083d2f7056d	flag-only	numactl_--interleave=all_+_--block-rows_8192_--threads_16_--mode_direct_--sync-mode_deferred_--h2d_register_--wire-dtype_bfloat16_--read-chunk-bytes_8388608_--convert-threads_8_--min-intensity_0_--steady-window-s_300_--depth_4_--sync-every_4	10310	10312.991579	10206.615573	+1.042pct	N	35176504/sdfada015/a1746c8f	verified	REPLICATION 3 of 3. MEDIAN 10312.991579, spread 0.4280 pct, +1.0422 pct over the five-row floor median = 4.7x the 0.2196 pct floor, and THE TWO POPULATIONS DO NOT OVERLAP (d4s4 min 10272.199 exceeds floor max 10220.352 by 0.51 pct) - the first knob of the campaign to separate cleanly from a properly measured floor. NOT CROWNED, and the reason is a DESIGN FLAW IN MY OWN ITERATION: the five floor rows ran as a BLOCK and the three d4s4 rows as a BLOCK, not interleaved, so any drift between blocks is charged entirely to d4s4 - and the floor maximum was the LAST of the five, the direction that would inflate it. Iteration 4 was burned by exactly this. Also the margin straddles the contract 1 pct line: median +1.0422 but mean +0.9200 and one replicate +0.6426. MECHANISM STILL 20x TOO SMALL: sync_wait 0.10 -> 0.04 pct of span = ~0.07 s per 133 s job against a 1.04 pct gain; the time comes out of read_s (131.3-131.7 -> 129.8-131.1 s). The bigger pool is also NOISIER: within-row read spread 0.7466 pct median vs the floor rows 0.1674 pct, 4.5x
18	a18-floor-1	iter18-runner	ooc-throughput	lib@ce84d803a8c4efb9791eeee6da256886c0baf93f+bench@fb41d16bbf46675188ec9b1641401083d2f7056d	flag-only	numactl_--interleave=all_+_--block-rows_8192_--threads_16_--mode_direct_--sync-mode_deferred_--h2d_register_--wire-dtype_bfloat16_--read-chunk-bytes_8388608_--convert-threads_8_--min-intensity_0_--steady-window-s_300_--depth_2	10205	10205.165907	10203.732687	-	N	35176504/sdfada015/a1746c8f	verified	INTERLEAVED A/B/A/B/A/B, run position 1. ARM A (champion)
18	b18-d4s4-1	iter18-runner	ooc-throughput	lib@ce84d803a8c4efb9791eeee6da256886c0baf93f+bench@fb41d16bbf46675188ec9b1641401083d2f7056d	flag-only	numactl_--interleave=all_+_--block-rows_8192_--threads_16_--mode_direct_--sync-mode_deferred_--h2d_register_--wire-dtype_bfloat16_--read-chunk-bytes_8388608_--convert-threads_8_--min-intensity_0_--steady-window-s_300_--depth_4_--sync-every_4	10300	10325.169594	10205.165907	+1.176pct_paired	N	35176504/sdfada015/a1746c8f	verified	INTERLEAVED run position 2. ARM B. PAIRED difference vs its immediate ARM A neighbour +1.1759 pct
18	a18-floor-2	iter18-runner	ooc-throughput	lib@ce84d803a8c4efb9791eeee6da256886c0baf93f+bench@fb41d16bbf46675188ec9b1641401083d2f7056d	flag-only	numactl_--interleave=all_+_--block-rows_8192_--threads_16_--mode_direct_--sync-mode_deferred_--h2d_register_--wire-dtype_bfloat16_--read-chunk-bytes_8388608_--convert-threads_8_--min-intensity_0_--steady-window-s_300_--depth_2	10205	10203.732687	10203.732687	-	N	35176504/sdfada015/a1746c8f	verified	INTERLEAVED run position 3. ARM A median
18	b18-d4s4-2	iter18-runner	ooc-throughput	lib@ce84d803a8c4efb9791eeee6da256886c0baf93f+bench@fb41d16bbf46675188ec9b1641401083d2f7056d	flag-only	numactl_--interleave=all_+_--block-rows_8192_--threads_16_--mode_direct_--sync-mode_deferred_--h2d_register_--wire-dtype_bfloat16_--read-chunk-bytes_8388608_--convert-threads_8_--min-intensity_0_--steady-window-s_300_--depth_4_--sync-every_4	10300	10345.526695	10203.732687	+1.390pct_paired	N	35176504/sdfada015/a1746c8f	verified	INTERLEAVED run position 4. ARM B max. PAIRED +1.3896 pct
18	a18-floor-3	iter18-runner	ooc-throughput	lib@ce84d803a8c4efb9791eeee6da256886c0baf93f+bench@fb41d16bbf46675188ec9b1641401083d2f7056d	flag-only	numactl_--interleave=all_+_--block-rows_8192_--threads_16_--mode_direct_--sync-mode_deferred_--h2d_register_--wire-dtype_bfloat16_--read-chunk-bytes_8388608_--convert-threads_8_--min-intensity_0_--steady-window-s_300_--depth_2	10205	10196.104475	10203.732687	-	N	35176504/sdfada015/a1746c8f	verified	INTERLEAVED run position 5. ARM A min - the arm drifts MONOTONE DOWNWARD (10205.166 -> 10203.733 -> 10196.104, -0.0888 pct), which answers the iteration-17 block-design objection IN THE OPPOSITE DIRECTION: had that block design biased anything it would have UNDER-stated the effect
18	b18-d4s4-3	iter18-runner	ooc-throughput	lib@ce84d803a8c4efb9791eeee6da256886c0baf93f+bench@fb41d16bbf46675188ec9b1641401083d2f7056d	flag-only	numactl_--interleave=all_+_--block-rows_8192_--threads_16_--mode_direct_--sync-mode_deferred_--h2d_register_--wire-dtype_bfloat16_--read-chunk-bytes_8388608_--convert-threads_8_--min-intensity_0_--steady-window-s_300_--depth_4_--sync-every_4	10300	10326.326340	10203.732687	+1.277pct_paired	Y	35176504/sdfada015/a1746c8f	verified	NEW CHAMPION, numerics-affecting (bf16 wire). INTERLEAVED run position 6, ARM B median. VERDICT: median-of-medians +1.2015 pct, mean-of-means +1.2809 pct, PAIRED differences +1.1759/+1.3896/+1.2772 (median +1.2772 pct) - EVERY statistic clears BOTH the 0.2196 pct fast-regime floor (by 5.5x) AND the contract 1 pct minimum, unlike iteration 17 where the median cleared and the mean did not. Populations DISJOINT by 120.00 GB, a gap 13x ARM A entire 9.06 GB range. Arm spreads 0.0888 pct (A) and 0.1971 pct (B), BOTH below the floor. ARM A median reproduces iteration 17 floor median to 3 parts in 10000 ACROSS SESSIONS. 2.538x the origin median; 93.9 pct of the 10992 GB read roof. COST: 5.369 GB more host staging pool (nbuf 5 -> 10, pool_rss_pct 60 -> 80). MECHANISM STILL UNEXPLAINED: sync_wait halves (0.08-0.11 -> 0.03-0.05 pct of span) but that is ~0.08 s against a 133 s job, an ORDER OF MAGNITUDE too small; the gain is in read_s (131.14-131.72 -> 129.74-130.68 s)
19	a19-champ-1	iter19-runner	ooc-throughput	lib@ce84d803a8c4efb9791eeee6da256886c0baf93f+bench@fb41d16bbf46675188ec9b1641401083d2f7056d	flag-only	numactl_--interleave=all_+_--block-rows_8192_--threads_16_--mode_direct_--sync-mode_deferred_--h2d_register_--wire-dtype_bfloat16_--read-chunk-bytes_8388608_--convert-threads_8_--min-intensity_0_--steady-window-s_300_--depth_4_--sync-every_4	10200	10323.151334	10323.151334	-	N	35176504/sdfada015/a1746c8f	verified	INTERLEAVED run position 1, champion arm. My predicted band 10150-10260 MISSED because I anchored on the OLD depth-2 floor instead of the champion this arm actually runs - a sloppy anchoring error, not bad luck
19	b19-d6s4	iter19-runner	ooc-throughput	lib@ce84d803a8c4efb9791eeee6da256886c0baf93f+bench@fb41d16bbf46675188ec9b1641401083d2f7056d	flag-only	numactl_--interleave=all_+_--block-rows_8192_--threads_16_--mode_direct_--sync-mode_deferred_--h2d_register_--wire-dtype_bfloat16_--read-chunk-bytes_8388608_--convert-threads_8_--min-intensity_0_--steady-window-s_300_--depth_6_--sync-every_4	10360	10238.859501	10323.151334	-0.817pct_paired	N	35176504/sdfada015/a1746c8f	verified	LOSS, 3.7x the floor in the LOSING direction. nbuf 12, pool 12885000192 B, pool_rss_pct 83.3, wire_pool_pin_s 2.918
19	a19-champ-2	iter19-runner	ooc-throughput	lib@ce84d803a8c4efb9791eeee6da256886c0baf93f+bench@fb41d16bbf46675188ec9b1641401083d2f7056d	flag-only	numactl_--interleave=all_+_--block-rows_8192_--threads_16_--mode_direct_--sync-mode_deferred_--h2d_register_--wire-dtype_bfloat16_--read-chunk-bytes_8388608_--convert-threads_8_--min-intensity_0_--steady-window-s_300_--depth_4_--sync-every_4	10200	10317.199533	10323.151334	-	N	35176504/sdfada015/a1746c8f	verified	INTERLEAVED run position 3
19	b19-d4s8	iter19-runner	ooc-throughput	lib@ce84d803a8c4efb9791eeee6da256886c0baf93f+bench@fb41d16bbf46675188ec9b1641401083d2f7056d	flag-only	numactl_--interleave=all_+_--block-rows_8192_--threads_16_--mode_direct_--sync-mode_deferred_--h2d_register_--wire-dtype_bfloat16_--read-chunk-bytes_8388608_--convert-threads_8_--min-intensity_0_--steady-window-s_300_--depth_4_--sync-every_8	10340	10018.740874	10317.199533	-2.893pct_paired	N	35176504/sdfada015/a1746c8f	verified	LOSS, 13x the floor. nbuf 14, pool 15032500224 B, pool_rss_pct 85.7, wire_pool_pin_s 3.465. THIS ROW FALSIFIES sync_wait AS THE MECHANISM: sync-every 8 halves sync_wait AGAIN (0.045 -> 0.033 pct of span, job1 0.026 -> 0.015) - exactly the direction that appeared to explain iteration 18 gain - and throughput FALLS 2.9 pct
19	a19-champ-3	iter19-runner	ooc-throughput	lib@ce84d803a8c4efb9791eeee6da256886c0baf93f+bench@fb41d16bbf46675188ec9b1641401083d2f7056d	flag-only	numactl_--interleave=all_+_--block-rows_8192_--threads_16_--mode_direct_--sync-mode_deferred_--h2d_register_--wire-dtype_bfloat16_--read-chunk-bytes_8388608_--convert-threads_8_--min-intensity_0_--steady-window-s_300_--depth_4_--sync-every_4	10200	10327.123473	10323.151334	-	N	35176504/sdfada015/a1746c8f	verified	INTERLEAVED run position 5. CHAMPION ARM 10323.151/10317.200/10327.123, median 10323.151, spread 0.0961 pct - UNDER HALF the 0.2196 pct floor, and 0.03 pct below iteration 18 lowest champion row, so the champion reproduces across sessions
19	b19-d6s8	iter19-runner	ooc-throughput	lib@ce84d803a8c4efb9791eeee6da256886c0baf93f+bench@fb41d16bbf46675188ec9b1641401083d2f7056d	flag-only	numactl_--interleave=all_+_--block-rows_8192_--threads_16_--mode_direct_--sync-mode_deferred_--h2d_register_--wire-dtype_bfloat16_--read-chunk-bytes_8388608_--convert-threads_8_--min-intensity_0_--steady-window-s_300_--depth_6_--sync-every_8	10380	9934.841458	10327.123473	-3.799pct_paired	N	35176504/sdfada015/a1746c8f	verified	LOSS, 17x the floor and the worst row. nbuf 16, pool 17180000256 B, pool_rss_pct 87.5, wire_pool_pin_s 3.896. THE PENALTIES ARE ADDITIVE: depth -0.8165 + sync-every -2.8928 = -3.709 predicted vs -3.7986 observed, a 0.09 pct discrepancy, so depth and sync-every act as INDEPENDENT COSTS past 4/4. SHAPE VERDICT: d4s4 is a LOCAL OPTIMUM (a PEAK), neither the THRESHOLD I predicted nor a slope; iteration 18 gain from depth 2 to 4 was the rising side and depth 6 is already the falling side. read_s rises monotonically 129.5-130.7 -> 131.0-132.1 -> 133.9-135.6 -> 135.2-136.6 s with read_wait_s exactly 0 in all 18 jobs
20	a20-champ-1	iter20-runner	ooc-throughput	lib@ce84d803a8c4efb9791eeee6da256886c0baf93f+bench@fb41d16bbf46675188ec9b1641401083d2f7056d	flag-only	numactl_--interleave=all_+_--block-rows_8192_--threads_16_--mode_direct_--sync-mode_deferred_--h2d_register_--wire-dtype_bfloat16_--read-chunk-bytes_8388608_--convert-threads_8_--min-intensity_0_--steady-window-s_300_--depth_4_--sync-every_4	10320	10335.639308	10320.800902	-	N	35176504/sdfada015/a1746c8f	verified	INTERLEAVED position 1, champion arm. Band anchored on iteration 19 champion arm this time and HELD
20	b20-d3s4	iter20-runner	ooc-throughput	lib@ce84d803a8c4efb9791eeee6da256886c0baf93f+bench@fb41d16bbf46675188ec9b1641401083d2f7056d	flag-only	numactl_--interleave=all_+_--block-rows_8192_--threads_16_--mode_direct_--sync-mode_deferred_--h2d_register_--wire-dtype_bfloat16_--read-chunk-bytes_8388608_--convert-threads_8_--min-intensity_0_--steady-window-s_300_--depth_3_--sync-every_4	10300	10306.602209	10335.639308	-0.281pct_paired	N	35176504/sdfada015/a1746c8f	verified	AMBIGUOUS, straddles the 0.2196 pct floor: -0.281 pct against its immediate neighbour a20-champ-1 (which happens to be the arm high row) but only -0.103 pct against a20-champ-2. n=1 cannot separate a 0.14 pct effect from a 0.18 pct champion fluctuation. Best read: depth 3 is a small loss of 0.1-0.3 pct, NOT RESOLVED. nbuf 9
20	a20-champ-2	iter20-runner	ooc-throughput	lib@ce84d803a8c4efb9791eeee6da256886c0baf93f+bench@fb41d16bbf46675188ec9b1641401083d2f7056d	flag-only	numactl_--interleave=all_+_--block-rows_8192_--threads_16_--mode_direct_--sync-mode_deferred_--h2d_register_--wire-dtype_bfloat16_--read-chunk-bytes_8388608_--convert-threads_8_--min-intensity_0_--steady-window-s_300_--depth_4_--sync-every_4	10320	10317.268987	10320.800902	-	N	35176504/sdfada015/a1746c8f	verified	INTERLEAVED position 3
20	b20-d5s4	iter20-runner	ooc-throughput	lib@ce84d803a8c4efb9791eeee6da256886c0baf93f+bench@fb41d16bbf46675188ec9b1641401083d2f7056d	flag-only	numactl_--interleave=all_+_--block-rows_8192_--threads_16_--mode_direct_--sync-mode_deferred_--h2d_register_--wire-dtype_bfloat16_--read-chunk-bytes_8388608_--convert-threads_8_--min-intensity_0_--steady-window-s_300_--depth_5_--sync-every_4	10300	10320.100918	10317.268987	+0.027pct_paired	N	35176504/sdfada015/a1746c8f	verified	CLEAN NULL - indistinguishable from the champion (-0.01/+0.03 pct against its two neighbours, an order of magnitude inside the 0.2196 pct floor). THE DEPTH OPTIMUM IS A FLAT TOP SPANNING 4 AND 5. Depth 4 stays the pick because depth 5 costs 1.07 GB more staging (11.81 vs 10.74 GB) for nothing. nbuf 11; wire_pool_pin_s 2.731, the HIGHEST of any row, and it ties the champion - which positively EXCLUDES pin cost as the mechanism
20	a20-champ-3	iter20-runner	ooc-throughput	lib@ce84d803a8c4efb9791eeee6da256886c0baf93f+bench@fb41d16bbf46675188ec9b1641401083d2f7056d	flag-only	numactl_--interleave=all_+_--block-rows_8192_--threads_16_--mode_direct_--sync-mode_deferred_--h2d_register_--wire-dtype_bfloat16_--read-chunk-bytes_8388608_--convert-threads_8_--min-intensity_0_--steady-window-s_300_--depth_4_--sync-every_4	10320	10320.800902	10320.800902	-	N	35176504/sdfada015/a1746c8f	verified	INTERLEAVED position 5. CHAMPION ARM 10335.639/10317.269/10320.801, median 10320.801, spread 0.1780 pct - inside the 0.2196 pct floor and the FOURTH consecutive session in which the champion reproduces
20	b20-d4s3	iter20-runner	ooc-throughput	lib@ce84d803a8c4efb9791eeee6da256886c0baf93f+bench@fb41d16bbf46675188ec9b1641401083d2f7056d	flag-only	numactl_--interleave=all_+_--block-rows_8192_--threads_16_--mode_direct_--sync-mode_deferred_--h2d_register_--wire-dtype_bfloat16_--read-chunk-bytes_8388608_--convert-threads_8_--min-intensity_0_--steady-window-s_300_--depth_4_--sync-every_3	10310	10264.614299	10320.800902	-0.544pct_paired	N	35176504/sdfada015/a1746c8f	verified	SOLID LOSS, 2.5x the floor, below every one of the NINE champion rows measured in iterations 19-20 and the lowest row of the iteration by 42 GB. nbuf 9. THE FIRST ROW OF THE CAMPAIGN WHERE sync_wait RISES (+0.007 to +0.010 s per job, the direction syncing more often predicts) - but that is 0.008 pct against a 0.544 pct loss, TWO ORDERS OF MAGNITUDE too small, so combined with iteration 19 sync_wait is now excluded in BOTH directions. New correlate flagged by the runner as hypothesis not finding: step_issue and h2d_issue rise together with read_s on this row (1.16-1.25 and 1.10-1.19 s vs the champion 1.01-1.12 and 0.97-1.07), i.e. the host issue path costs more when the sync cadence does not divide the pipeline depth evenly
20	CORRECTION-iter18-framing	orchestrator	ooc-throughput	lib@ce84d803a8c4efb9791eeee6da256886c0baf93f+bench@fb41d16bbf46675188ec9b1641401083d2f7056d	correction	supersedes_my_own_characterisation_of_the_iteration_18_result	-	-	-	-	N	35176504/sdfada015/a1746c8f	verified	CORRECTION ROW, MY ERROR, caught by the iteration-20 runner. I repeatedly described iteration 18 as measuring depth 2 vs depth 4. Iteration 18 ARM A was --depth 2 WITH sync-every 1 (nbuf 5) and ARM B was --depth 4 --sync-every 4 (nbuf 10), so its +1.20 pct is the JOINT effect of two knobs, not depth alone. Honest decomposition from iteration 16: sync-every 1->4 at depth 2 is +0.579 pct, then depth 2->4 at sync-every 4 adds about +0.51 pct. SECOND CORRECTION: --depth 4 --sync-every 1 has NEVER been measured against a same-iteration d4s4 control; its only reading is iteration 15 10360.797 from a session whose own controls ran ~0.30 pct hot, which normalises to +0.09 pct - an ESTIMATE from a cross-iteration ratio, not a measurement. The 2x2 factorial d2s1/d2s4/d4s1/d4s4 is therefore incomplete and iteration 21 completes it
21	a21-champ-1	iter21-runner	ooc-throughput	lib@ce84d803a8c4efb9791eeee6da256886c0baf93f+bench@fb41d16bbf46675188ec9b1641401083d2f7056d	flag-only	numactl_--interleave=all_+_--block-rows_8192_--threads_16_--mode_direct_--sync-mode_deferred_--h2d_register_--wire-dtype_bfloat16_--read-chunk-bytes_8388608_--convert-threads_8_--min-intensity_0_--steady-window-s_300_--depth_4_--sync-every_4	10320	10306.471845	10310.526019	-	N	35176504/sdfada015/a1746c8f	verified	INTERLEAVED position 1, champion arm
21	b21-d4s1	iter21-runner	ooc-throughput	lib@ce84d803a8c4efb9791eeee6da256886c0baf93f+bench@fb41d16bbf46675188ec9b1641401083d2f7056d	flag-only	numactl_--interleave=all_+_--block-rows_8192_--threads_16_--mode_direct_--sync-mode_deferred_--h2d_register_--wire-dtype_bfloat16_--read-chunk-bytes_8388608_--convert-threads_8_--min-intensity_0_--steady-window-s_300_--depth_4_(sync-every_default_1)	10250	10194.639318	10310.526019	-1.124pct	N	35176504/sdfada015/a1746c8f	verified	THE MISSING 2x2 CELL, AND IT OVERTURNS THE ITERATION-15 ESTIMATE. Measured -1.1240 pct against the arm median (-1.0851 and -1.1849 against its two neighbours, both agreeing in sign and magnitude), 5.1x the floor. Iteration 15 cross-iteration normalisation implied +0.09 pct - WRONG BY 1.2 pct. My prediction 10250 band 10150-10340 HELD, including the explicit sub-prediction that the estimate was a normalisation artefact. nbuf 7
21	a21-champ-2	iter21-runner	ooc-throughput	lib@ce84d803a8c4efb9791eeee6da256886c0baf93f+bench@fb41d16bbf46675188ec9b1641401083d2f7056d	flag-only	numactl_--interleave=all_+_--block-rows_8192_--threads_16_--mode_direct_--sync-mode_deferred_--h2d_register_--wire-dtype_bfloat16_--read-chunk-bytes_8388608_--convert-threads_8_--min-intensity_0_--steady-window-s_300_--depth_4_--sync-every_4	10320	10316.880717	10310.526019	-	N	35176504/sdfada015/a1746c8f	verified	INTERLEAVED position 3
21	b21-d3s4	iter21-runner	ooc-throughput	lib@ce84d803a8c4efb9791eeee6da256886c0baf93f+bench@fb41d16bbf46675188ec9b1641401083d2f7056d	flag-only	numactl_--interleave=all_+_--block-rows_8192_--threads_16_--mode_direct_--sync-mode_deferred_--h2d_register_--wire-dtype_bfloat16_--read-chunk-bytes_8388608_--convert-threads_8_--min-intensity_0_--steady-window-s_300_--depth_3_--sync-every_4	10310	10325.671384	10310.526019	+0.147pct	N	35176504/sdfada015/a1746c8f	verified	RESOLVED AS A NULL, correcting iteration 20 marginal-loss reading. Paired +0.1863 and +0.0852 pct against its two neighbours, +0.1469 vs the arm median - ALL THREE INSIDE the 0.2196 pct floor. Across two sessions depth 3 has now been paired against FIVE champion rows (-0.2810/-0.1033/-0.1377 in iter20, +0.1863/+0.0852/+0.1469 here), straddling zero with mean about -0.05 pct. Iteration 20 negative was an artefact of pairing against that session HIGH position-1 row. THE DEPTH PLATEAU IS 3-5 WIDE with cliffs at 2 and 6. Depth 3 also has the HIGHEST read fraction of the session (98.41-98.48 pct) with step_issue and h2d_issue clearly BELOW the champion - shallower depth genuinely cheapens the issue path and throughput still does not move
21	a21-champ-3	iter21-runner	ooc-throughput	lib@ce84d803a8c4efb9791eeee6da256886c0baf93f+bench@fb41d16bbf46675188ec9b1641401083d2f7056d	flag-only	numactl_--interleave=all_+_--block-rows_8192_--threads_16_--mode_direct_--sync-mode_deferred_--h2d_register_--wire-dtype_bfloat16_--read-chunk-bytes_8388608_--convert-threads_8_--min-intensity_0_--steady-window-s_300_--depth_4_--sync-every_4	10320	10310.526019	10310.526019	-	N	35176504/sdfada015/a1746c8f	verified	INTERLEAVED position 5. CHAMPION ARM 10306.472/10316.881/10310.526, median 10310.526, spread 0.1010 pct - UNDER HALF the floor and the TIGHTEST arm of the campaign; the sync_wait triple 0.0600/0.0348/0.0541 s repeats TO THE MILLISECOND across all three rows. FIFTH consecutive session reproducing, and 0.10 pct below iteration 20 median, inside the floor
21	b21-d2s4	iter21-runner	ooc-throughput	lib@ce84d803a8c4efb9791eeee6da256886c0baf93f+bench@fb41d16bbf46675188ec9b1641401083d2f7056d	flag-only	numactl_--interleave=all_+_--block-rows_8192_--threads_16_--mode_direct_--sync-mode_deferred_--h2d_register_--wire-dtype_bfloat16_--read-chunk-bytes_8388608_--convert-threads_8_--min-intensity_0_--steady-window-s_300_--depth_2_--sync-every_4	10270	10238.971048	10310.526019	-0.694pct	N	35176504/sdfada015/a1746c8f	verified	SOLID LOSS 3.2x the floor, replacing iteration 16 weakly-sourced -0.51 pct with an alternated measurement. nbuf 8
21	FACTORIAL-2x2-complete	orchestrator	ooc-throughput	lib@ce84d803a8c4efb9791eeee6da256886c0baf93f+bench@fb41d16bbf46675188ec9b1641401083d2f7056d	analysis	d2s1_d2s4_d4s1_d4s4_all_same-iteration_alternated	-	INTERACTION_+0.6165pct	-	-	N	35176504/sdfada015/a1746c8f	verified	THE 2x2 FACTORIAL IS COMPLETE AND NO CELL IS AN ESTIMATE. Relative to d4s4: d2s1 -1.2015 pct (iter18, alternated n=3 vs n=3), d2s4 -0.6940 pct (iter21), d4s1 -1.1240 pct (iter21), d4s4 0 (n=3 median 10310.526). THE KNOBS ARE NOT ADDITIVE - THEY ONLY PAY TOGETHER: depth 2->4 buys +0.6940 pct at sync-every 4 but only +0.0775 pct at sync-every 1; sync-every 1->4 buys +1.1240 pct at depth 4 but only +0.5075 pct at depth 2. INTERACTION TERM +0.6165 pct, COMPUTED IDENTICALLY DOWN BOTH PATHS (0.6940-0.0775 = 1.1240-0.5075), a consistency check the design passes. This reconciles with iteration 19: additivity holds in the FAR FIELD (d6s4+d4s8 = d6s8 to 0.09 pct) while the peak is strongly interacting - additivity is a property of the tails, not of the optimum. The cross-session join is sound because the two sessions d4s4 medians differ by 0.15 pct, inside the floor
